variants,# of libraries,libraries
NOTCH1:c.4732delG~T~G/50_ENST00000277541_9:139399409 ,131,"B48232,B48233,B48234,B48235,B48236,B48237,B48238,B48239,B48240,B48241,B48242,B48243,B48244,B48245,B48246,B48247,B48249,B48250,B48251,B48252,B48253,B48254,B48255,B48256,B48257,B48258,B48259,B48260,B48261,B48262,B48263,B48264,B48265,B48266,B48267,B48268,B48269,B48270,B48271,B48272,B48273,B48274,B48275,B48276,B48277,B48279,B48280,B48281,B48282,B48283,B48284,B48285,B48286,B48287,B48288,B48289,B48290,B48291,B48292,B48293,B48294,B48295,B48296,B48297,B48298,B48299,B48300,B48301,B48302,B48303,B48304,B48305,B48306,B48307,B48308,B48309,B48310,B48311,B48312,B48313,B48314,B48315,B48316,B48317,B48318,B48319,B48320,B48321,B48322,B48323,B48324,B48325,B48326,B48327,B48328,B48329,B48330,B48331,B48332,B48333,B48334,B48335,B48336,B48337,B48338,B48339,B48340,B48341,B48342,B48343,B48344,B48345,B48346,B48347,B48348,B48349,B48350,B48351,B48352,B48353,B48354,B48355,B48356,B48357,B48358,B48359,B48360,B48361,B48362,B48363,B48364"
NOTCH1:delP2415-P2415/50_ENST00000277541_9:139390946 ,131,"B48232,B48233,B48234,B48235,B48236,B48237,B48238,B48239,B48240,B48241,B48242,B48243,B48244,B48245,B48246,B48247,B48249,B48250,B48251,B48252,B48253,B48254,B48255,B48256,B48257,B48258,B48259,B48260,B48261,B48262,B48263,B48264,B48265,B48266,B48267,B48268,B48269,B48270,B48271,B48272,B48273,B48274,B48275,B48276,B48277,B48279,B48280,B48281,B48282,B48283,B48284,B48285,B48286,B48287,B48288,B48289,B48290,B48291,B48292,B48293,B48294,B48295,B48296,B48297,B48298,B48299,B48300,B48301,B48302,B48303,B48304,B48305,B48306,B48307,B48308,B48309,B48310,B48311,B48312,B48313,B48314,B48315,B48316,B48317,B48318,B48319,B48320,B48321,B48322,B48323,B48324,B48325,B48326,B48327,B48328,B48329,B48330,B48331,B48332,B48333,B48334,B48335,B48336,B48337,B48338,B48339,B48340,B48341,B48342,B48343,B48344,B48345,B48346,B48347,B48348,B48349,B48350,B48351,B48352,B48353,B48354,B48355,B48356,B48357,B48358,B48359,B48360,B48361,B48362,B48363,B48364"
TP53:P72R(C~C~C>C~G~C)/50_ENST00000269305_17:7579471 ,122,"B48232,B48233,B48234,B48235,B48236,B48237,B48238,B48239,B48240,B48241,B48242,B48243,B48244,B48245,B48246,B48247,B48249,B48250,B48251,B48252,B48253,B48254,B48255,B48256,B48257,B48258,B48260,B48261,B48262,B48263,B48264,B48265,B48266,B48267,B48268,B48269,B48270,B48271,B48272,B48273,B48274,B48276,B48277,B48279,B48280,B48281,B48282,B48283,B48284,B48285,B48286,B48287,B48288,B48289,B48291,B48292,B48293,B48294,B48295,B48296,B48297,B48298,B48299,B48300,B48301,B48302,B48303,B48304,B48305,B48306,B48307,B48309,B48310,B48312,B48313,B48314,B48315,B48316,B48317,B48319,B48320,B48321,B48322,B48323,B48324,B48325,B48326,B48327,B48328,B48329,B48330,B48331,B48332,B48333,B48334,B48335,B48336,B48337,B48338,B48339,B48340,B48341,B48342,B48343,B48344,B48346,B48347,B48348,B48349,B48351,B48352,B48353,B48354,B48355,B48357,B48358,B48359,B48360,B48361,B48362,B48363,B48364"
6:31074030_A>C/50,120,"B48232,B48234,B48235,B48236,B48237,B48238,B48239,B48240,B48241,B48244,B48245,B48247,B48249,B48250,B48251,B48252,B48253,B48254,B48255,B48256,B48257,B48258,B48259,B48260,B48261,B48262,B48263,B48264,B48265,B48266,B48267,B48268,B48269,B48270,B48271,B48272,B48273,B48274,B48275,B48277,B48279,B48280,B48281,B48282,B48283,B48284,B48285,B48286,B48287,B48288,B48289,B48290,B48291,B48292,B48293,B48294,B48295,B48296,B48297,B48299,B48300,B48301,B48302,B48304,B48305,B48307,B48308,B48309,B48310,B48311,B48312,B48313,B48314,B48315,B48316,B48317,B48318,B48319,B48320,B48321,B48322,B48323,B48324,B48325,B48326,B48328,B48329,B48330,B48331,B48332,B48333,B48334,B48335,B48336,B48337,B48338,B48339,B48340,B48341,B48342,B48344,B48345,B48346,B48347,B48348,B48349,B48350,B48351,B48352,B48353,B48355,B48356,B48357,B48358,B48359,B48360,B48361,B48362,B48363,B48364"
NOTCH2:E38K(G~A~A>A~A~A)/50_ENST00000256646_1:120572570 ,108,"B48232,B48233,B48235,B48236,B48237,B48238,B48239,B48240,B48241,B48242,B48244,B48245,B48246,B48247,B48250,B48251,B48252,B48253,B48255,B48256,B48257,B48258,B48259,B48260,B48261,B48262,B48263,B48264,B48265,B48267,B48268,B48269,B48270,B48271,B48272,B48273,B48276,B48277,B48279,B48280,B48281,B48282,B48285,B48286,B48287,B48289,B48290,B48291,B48292,B48293,B48294,B48295,B48296,B48297,B48298,B48299,B48300,B48301,B48302,B48303,B48304,B48305,B48306,B48307,B48309,B48310,B48311,B48312,B48313,B48314,B48315,B48316,B48317,B48319,B48320,B48321,B48322,B48323,B48324,B48325,B48326,B48327,B48328,B48331,B48333,B48334,B48335,B48338,B48341,B48342,B48343,B48344,B48345,B48346,B48347,B48349,B48350,B48351,B48352,B48353,B48354,B48355,B48356,B48357,B48358,B48362,B48363,B48364"
BCL6:R594L(C~G~A>C~T~A)/50_ENST00000406870_3:187443344 ,94,"B48232,B48233,B48234,B48235,B48236,B48237,B48238,B48239,B48240,B48241,B48242,B48243,B48244,B48245,B48246,B48247,B48249,B48250,B48251,B48252,B48254,B48255,B48256,B48257,B48261,B48262,B48264,B48265,B48267,B48268,B48269,B48270,B48272,B48273,B48276,B48277,B48279,B48280,B48281,B48283,B48287,B48289,B48290,B48291,B48292,B48294,B48295,B48296,B48297,B48298,B48299,B48300,B48303,B48305,B48306,B48307,B48308,B48309,B48311,B48313,B48314,B48315,B48316,B48317,B48318,B48319,B48320,B48322,B48323,B48324,B48328,B48329,B48330,B48333,B48336,B48340,B48341,B48345,B48346,B48347,B48348,B48349,B48350,B48352,B48353,B48354,B48355,B48356,B48357,B48358,B48361,B48362,B48363,B48364"
BCL6:c.1781G>A/50_ENST00000406870_3:187443345 ,82,"B48232,B48234,B48235,B48237,B48238,B48239,B48241,B48243,B48244,B48246,B48250,B48251,B48252,B48255,B48256,B48257,B48258,B48259,B48264,B48265,B48267,B48268,B48269,B48270,B48271,B48274,B48275,B48276,B48277,B48279,B48284,B48286,B48291,B48292,B48293,B48294,B48296,B48298,B48299,B48301,B48302,B48303,B48306,B48311,B48312,B48313,B48316,B48317,B48319,B48320,B48322,B48323,B48324,B48325,B48327,B48328,B48330,B48331,B48332,B48333,B48334,B48335,B48336,B48337,B48338,B48340,B48341,B48345,B48347,B48348,B48349,B48350,B48351,B48352,B48355,B48356,B48357,B48358,B48360,B48362,B48363,B48364"
BCL6:R618L(C~G~T>C~T~T)/50_ENST00000406870_3:187442852 ,82,"B48232,B48233,B48234,B48235,B48236,B48238,B48242,B48243,B48244,B48245,B48246,B48249,B48250,B48251,B48252,B48253,B48254,B48255,B48256,B48258,B48259,B48262,B48264,B48265,B48270,B48271,B48272,B48274,B48275,B48276,B48277,B48279,B48281,B48282,B48284,B48286,B48287,B48289,B48290,B48291,B48292,B48293,B48294,B48295,B48297,B48298,B48300,B48301,B48302,B48305,B48306,B48307,B48308,B48309,B48310,B48311,B48312,B48314,B48318,B48319,B48324,B48326,B48328,B48330,B48338,B48344,B48345,B48346,B48347,B48348,B48349,B48350,B48351,B48352,B48353,B48354,B48355,B48356,B48357,B48361,B48362,B48364"
NOTCH2:N46S(A~A~T>A~G~T)/50_ENST00000256646_1:120572546 ,80,"B48232,B48235,B48236,B48238,B48240,B48244,B48245,B48246,B48247,B48250,B48251,B48252,B48253,B48255,B48257,B48258,B48260,B48261,B48262,B48263,B48264,B48265,B48267,B48268,B48271,B48276,B48279,B48281,B48282,B48285,B48286,B48287,B48289,B48290,B48293,B48294,B48296,B48298,B48299,B48300,B48301,B48302,B48303,B48304,B48305,B48306,B48307,B48309,B48311,B48312,B48313,B48314,B48315,B48316,B48319,B48320,B48321,B48322,B48323,B48326,B48327,B48328,B48338,B48342,B48344,B48345,B48346,B48347,B48349,B48350,B48351,B48352,B48353,B48354,B48355,B48356,B48357,B48358,B48362,B48364"
BCL6:R594*(C~G~A>T~G~A)/50_ENST00000406870_3:187443344 ,76,"B48232,B48233,B48235,B48238,B48240,B48241,B48243,B48245,B48246,B48250,B48251,B48252,B48254,B48255,B48256,B48257,B48258,B48259,B48264,B48265,B48267,B48268,B48272,B48273,B48274,B48276,B48277,B48279,B48281,B48282,B48283,B48284,B48286,B48287,B48292,B48293,B48294,B48296,B48297,B48298,B48299,B48303,B48305,B48306,B48307,B48309,B48310,B48311,B48312,B48313,B48314,B48315,B48317,B48322,B48323,B48325,B48329,B48330,B48333,B48335,B48336,B48337,B48338,B48340,B48344,B48345,B48346,B48348,B48349,B48351,B48352,B48354,B48355,B48360,B48362,B48363"
BCL6:R618C(C~G~T>T~G~T)/50_ENST00000406870_3:187442852 ,71,"B48232,B48234,B48235,B48236,B48238,B48239,B48240,B48243,B48245,B48246,B48249,B48250,B48251,B48252,B48253,B48258,B48260,B48262,B48264,B48265,B48268,B48269,B48272,B48274,B48275,B48276,B48277,B48282,B48283,B48286,B48287,B48288,B48290,B48292,B48293,B48294,B48295,B48297,B48298,B48299,B48300,B48301,B48302,B48305,B48306,B48307,B48308,B48309,B48311,B48315,B48323,B48326,B48327,B48328,B48329,B48330,B48331,B48338,B48339,B48345,B48346,B48347,B48348,B48349,B48352,B48355,B48356,B48357,B48360,B48362,B48364"
CDKN1B:V109G(G~T~C>G~G~C)/50_ENST00000228872_12:12871098 ,68,"B48232,B48237,B48239,B48241,B48242,B48243,B48245,B48246,B48247,B48250,B48251,B48252,B48254,B48255,B48256,B48257,B48271,B48273,B48274,B48275,B48277,B48279,B48281,B48282,B48284,B48285,B48286,B48288,B48291,B48294,B48296,B48298,B48300,B48301,B48302,B48303,B48304,B48308,B48316,B48318,B48319,B48321,B48323,B48324,B48326,B48328,B48331,B48332,B48334,B48336,B48337,B48339,B48340,B48341,B48345,B48346,B48347,B48348,B48349,B48350,B48352,B48353,B48354,B48355,B48358,B48360,B48361,B48364"
BCL6:R618H(C~G~T>C~A~T)/50_ENST00000406870_3:187442852 ,53,"B48232,B48233,B48237,B48238,B48242,B48243,B48244,B48245,B48246,B48247,B48249,B48251,B48252,B48253,B48255,B48257,B48259,B48265,B48271,B48275,B48276,B48277,B48282,B48285,B48286,B48289,B48290,B48292,B48293,B48294,B48299,B48300,B48305,B48306,B48307,B48309,B48313,B48315,B48317,B48319,B48321,B48323,B48324,B48325,B48330,B48338,B48340,B48348,B48349,B48351,B48357,B48360,B48361"
CDKN2A:D84E(G~A~C>G~A~A)/50_ENST00000304494_9:21971106 ,12,"B48247,B48287,B48288,B48295,B48317,B48320,B48321,B48324,B48337,B48350,B48353,B48364"
CDKN2A:L97M(C~T~G>A~T~G)/50_ENST00000304494_9:21971067 ,12,"B48233,B48238,B48250,B48251,B48262,B48268,B48269,B48288,B48304,B48305,B48306,B48322"
SMARCA4:G1232S(G~G~C>A~G~C)/50_ENST00000358026_19:11144113 ,12,"B48245,B48263,B48283,B48288,B48300,B48317,B48323,B48328,B48335,B48340,B48360,B48362"
ARID1A:c.5548delG/50_ENST00000324856_1:27105937 ,11,"B48246,B48293,B48300,B48305,B48306,B48320,B48340,B48345,B48347,B48350,B48362"
CDKN2A:A148T(G~C~G>A~C~G)/50_ENST00000304494_9:21970914 ,11,"B48259,B48265,B48280,B48305,B48311,B48312,B48317,B48324,B48327,B48333,B48349"
CDKN2A:H83N(C~A~C>A~A~C)/50_ENST00000304494_9:21971109 ,11,"B48240,B48250,B48262,B48279,B48287,B48298,B48307,B48319,B48331,B48355,B48360"
CDKN2A:P114T(C~C~C>A~C~C)/50_ENST00000304494_9:21971016 ,11,"B48238,B48241,B48276,B48306,B48311,B48330,B48332,B48333,B48346,B48348,B48361"
CREBBP:c.5039delC~C~T/50_ENST00000262367_16:3781324 ,11,"B48239,B48280,B48282,B48295,B48300,B48305,B48325,B48334,B48342,B48355,B48362"
PTEN:A126D(G~C~T>G~A~T)/50_ENST00000371953_10:89692892 ,11,"B48235,B48241,B48253,B48261,B48284,B48307,B48310,B48348,B48354,B48355,B48356"
CDKN1B:V109G(G~T~C>G~G~A)/50_ENST00000228872_12:12871098 ,10,"B48241,B48243,B48245,B48250,B48251,B48254,B48281,B48296,B48300,B48340"
CDKN2A:A68E(G~C~G>G~A~G)/50_ENST00000304494_9:21971154 ,10,"B48232,B48246,B48247,B48250,B48252,B48271,B48279,B48281,B48282,B48357"
CDKN2A:H83Q(C~A~C>C~A~A)/50_ENST00000304494_9:21971109 ,10,"B48238,B48246,B48263,B48271,B48272,B48287,B48302,B48303,B48308,B48336"
EZH2:c.1937A>T/50_ENST00000320356_7:148508727 ,10,"B48249,B48253,B48255,B48289,B48305,B48324,B48329,B48346,B48350,B48357"
MYC:T58N(A~C~C>A~A~C)/50_ENST00000259523_8:128750680 ,10,"B48242,B48249,B48264,B48267,B48293,B48299,B48314,B48329,B48342,B48347"
ATP6V1B2:R400Q(CGG>CAG)/50_ENST00000276390_8:20074767,9,"B48237,B48255,B48268,B48275,B48284,B48289,B48314,B48327,B48364"
CARD11:R170S(C~G~C>A~G~C)/50_ENST00000396946_7:2984020 ,9,"B48232,B48236,B48238,B48246,B48287,B48328,B48347,B48348,B48351"
NOTCH1:R1594Q(C~G~G>C~A~G)/50_ENST00000277541_9:139399361 ,9,"B48256,B48259,B48263,B48297,B48311,B48317,B48324,B48357,B48358"
PTEN:N48K(A~A~C>A~A~A)/50_ENST00000371953_10:89653844 ,9,"B48238,B48259,B48280,B48289,B48305,B48307,B48320,B48330,B48355"
TP53:C141*(T~G~C>T~G~A)/50_ENST00000269305_17:7578507 ,9,"B48235,B48260,B48290,B48299,B48306,B48319,B48336,B48349,B48353"
TP53:H168N(C~A~C>A~A~C)/50_ENST00000269305_17:7578426 ,9,"B48243,B48272,B48279,B48293,B48297,B48303,B48330,B48334,B48337"
TP53:P300H(C~C~C>C~A~C)/50_ENST00000269305_17:7577038 ,9,"B48238,B48250,B48254,B48277,B48290,B48306,B48338,B48361,B48364"
TP53:S149Y(T~C~C>T~A~C)/50_ENST00000269305_17:7578483 ,9,"B48232,B48244,B48246,B48262,B48264,B48297,B48308,B48355,B48356"
CDKN1B:P133T(C~C~A>A~C~A)/50_ENST00000228872_12:12871170 ,8,"B48244,B48258,B48286,B48324,B48327,B48330,B48351,B48352"
CDKN2A:D74N(G~A~C>A~A~C)/50_ENST00000304494_9:21971136 ,8,"B48245,B48260,B48276,B48285,B48295,B48316,B48320,B48353"
CDKN2A:P81T(C~C~C>A~C~C)/50_ENST00000304494_9:21971115 ,8,"B48247,B48257,B48267,B48279,B48306,B48326,B48347,B48364"
EZH2:c.1936T>A/50_ENST00000320356_7:148508728 ,8,"B48246,B48260,B48286,B48308,B48341,B48346,B48347,B48353"
NOTCH1:A1944D(G~C~C>G~A~C)/50_ENST00000277541_9:139395106 ,8,"B48239,B48282,B48314,B48337,B48338,B48346,B48347,B48360"
NOTCH1:P2412T(C~C~A>A~C~A)/50_ENST00000277541_9:139390955 ,8,"B48238,B48275,B48277,B48289,B48316,B48318,B48363,B48364"
NOTCH1:R1608S(C~G~T>A~G~T)/50_ENST00000277541_9:139399319 ,8,"B48277,B48299,B48305,B48315,B48316,B48326,B48338,B48352"
NOTCH1:V1671I(G~T~C>A~T~C)/50_ENST00000277541_9:139399130 ,8,"B48243,B48256,B48265,B48288,B48317,B48320,B48322,B48344"
PTEN:H123N(C~A~C>A~A~C)/50_ENST00000371953_10:89692883 ,8,"B48244,B48258,B48265,B48311,B48316,B48330,B48345,B48350"
STAT3:S614R(A~G~C>A~G~A)/50_ENST00000264657_17:40475068 ,8,"B48238,B48249,B48256,B48275,B48281,B48306,B48330,B48348"
TP53:c.454C>A/50_ENST00000269305_17:7578476 ,8,"B48244,B48269,B48277,B48288,B48317,B48328,B48342,B48353"
TP53:c.469G>A/50_ENST00000269305_17:7578461 ,8,"B48232,B48244,B48251,B48281,B48311,B48325,B48334,B48361"
TP53:C135*(T~G~C>T~G~A)/50_ENST00000269305_17:7578525 ,8,"B48235,B48255,B48259,B48263,B48267,B48297,B48300,B48306"
TP53:T284K(A~C~A>A~A~A)/50_ENST00000269305_17:7577086 ,8,"B48271,B48276,B48290,B48293,B48306,B48346,B48352,B48364"
BTK:C481*(T~G~C>T~G~A)/50_ENST00000308731_X:100611163 ,7,"B48246,B48301,B48310,B48324,B48344,B48354,B48355"
CDKN2A:P48T(C~C~G>A~C~G)/50_ENST00000304494_9:21974683 ,7,"B48249,B48262,B48271,B48276,B48277,B48305,B48337"
EZH2:c.2069G>A/50_ENST00000320356_7:148506443 ,7,"B48275,B48294,B48301,B48320,B48322,B48330,B48357"
MYD88:L265M(C~T~G>A~T~G)/50_ENST00000396334_3:38182640 ,7,"B48238,B48241,B48247,B48254,B48306,B48351,B48353"
MYD88:S219Y(T~C~T>T~A~T)/50_ENST00000417037_3:38182031 ,7,"B48258,B48259,B48287,B48293,B48307,B48311,B48346"
NOTCH1:A1944T(G~C~C>A~C~C)/50_ENST00000277541_9:139395106 ,7,"B48253,B48256,B48283,B48285,B48314,B48334,B48352"
NOTCH1:H2428Q(C~A~C>C~A~A)/50_ENST00000277541_9:139390907 ,7,"B48234,B48235,B48241,B48304,B48306,B48311,B48363"
NOTCH1:L1574M(C~T~G>A~T~G)/50_ENST00000277541_9:139399421 ,7,"B48238,B48263,B48294,B48314,B48316,B48344,B48360"
PTEN:c.1003C>T/50_ENST00000371953_10:89720852 ,7,"B48257,B48296,B48310,B48311,B48321,B48337,B48347"
PTEN:c.737C>T/50_ENST00000371953_10:89717712 ,7,"B48232,B48247,B48254,B48257,B48268,B48342,B48344"
PTEN:P38T(C~C~T>A~C~T)/50_ENST00000371953_10:89653814 ,7,"B48241,B48245,B48289,B48290,B48305,B48310,B48323"
PTEN:R173S(C~G~C>A~G~C)/50_ENST00000371953_10:89711899 ,7,"B48235,B48249,B48290,B48310,B48329,B48350,B48362"
SMARCA4:T910M(A~C~G>A~T~G)/50_ENST00000358026_19:11132512 ,7,"B48247,B48252,B48260,B48265,B48285,B48299,B48358"
TP53:c.475G>A/50_ENST00000269305_17:7578455 ,7,"B48261,B48285,B48314,B48333,B48336,B48340,B48363"
TP53:c.524G>A/50_ENST00000269305_17:7578406 ,7,"B48256,B48264,B48277,B48322,B48324,B48332,B48337"
TP53:c.556G>A/50_ENST00000269305_17:7578374 ,7,"B48233,B48240,B48270,B48281,B48329,B48335,B48344"
TP53:c.800G>A/50_ENST00000269305_17:7577138 ,7,"B48235,B48252,B48276,B48318,B48338,B48339,B48351"
TP53:H178Q(C~A~C>C~A~A)/50_ENST00000269305_17:7578396 ,7,"B48233,B48275,B48277,B48282,B48306,B48338,B48362"
TP53:L145M(C~T~G>A~T~G)/50_ENST00000269305_17:7578495 ,7,"B48238,B48254,B48261,B48269,B48306,B48330,B48357"
TP53:P128T(C~C~T>A~C~T)/50_ENST00000269305_17:7578546 ,7,"B48257,B48274,B48292,B48313,B48344,B48347,B48353"
TP53:P177T(C~C~C>A~C~C)/50_ENST00000269305_17:7578399 ,7,"B48241,B48242,B48261,B48277,B48286,B48300,B48317"
TP53:P72R(C~C~C>C~G~A)/50_ENST00000269305_17:7579471 ,7,"B48238,B48306,B48322,B48324,B48346,B48358,B48362"
TP53:R283S(C~G~C>A~G~C)/50_ENST00000269305_17:7577089 ,7,"B48238,B48239,B48262,B48290,B48306,B48307,B48354"
ARID1A:G2087R(G~G~A>A~G~A)/50_ENST00000324856_1:27106648 ,6,"B48269,B48284,B48289,B48308,B48333,B48362"
BCL6:R594P(C~G~A>C~C~A)/50_ENST00000406870_3:187443344 ,6,"B48244,B48245,B48246,B48249,B48272,B48307"
CARD11:R170H(C~G~C>C~A~C)/50_ENST00000396946_7:2984020 ,6,"B48234,B48307,B48313,B48324,B48332,B48344"
CDKN2A:c.172C>T/50_ENST00000304494_9:21971186 ,6,"B48241,B48255,B48258,B48261,B48273,B48354"
CDKN2A:V106M(G~T~G>A~T~G)/50_ENST00000304494_9:21971040 ,6,"B48244,B48246,B48295,B48310,B48316,B48361"
HVCN1:R205W(CGG>TGG)/50_ENST00000356742_12:111089050,6,"B48235,B48263,B48270,B48308,B48334,B48338"
MAP2K1:D67E(G~A~C>G~A~A)/50_ENST00000307102_15:66727483 ,6,"B48250,B48289,B48348,B48355,B48356,B48364"
NOTCH1:F1592L(T~T~C>T~T~A)/50_ENST00000277541_9:139399367 ,6,"B48277,B48334,B48336,B48345,B48360,B48363"
NOTCH1:L1585M(C~T~G>A~T~G)/50_ENST00000277541_9:139399388 ,6,"B48259,B48284,B48294,B48302,B48352,B48358"
PTEN:A151D(G~C~C>G~A~C)/50_ENST00000371953_10:89692967 ,6,"B48268,B48290,B48305,B48330,B48347,B48355"
PTEN:c.518G>A/50_ENST00000371953_10:89711900 ,6,"B48246,B48275,B48290,B48310,B48343,B48352"
PTEN:F154L(T~T~C>T~T~A)/50_ENST00000371953_10:89692976 ,6,"B48243,B48262,B48303,B48352,B48355,B48364"
PTEN:H61N(C~A~T>A~A~T)/50_ENST00000371953_10:89685286 ,6,"B48298,B48304,B48305,B48330,B48345,B48352"
PTEN:P96Q(C~C~A>C~A~A)/50_ENST00000371953_10:89692802 ,6,"B48247,B48249,B48253,B48259,B48330,B48350"
SMARCA4:R1189*(C~G~A>T~G~A)/50_ENST00000358026_19:11143984 ,6,"B48285,B48330,B48337,B48346,B48351,B48356"
TP53:c.460G>A/50_ENST00000269305_17:7578470 ,6,"B48238,B48256,B48261,B48287,B48294,B48332"
TP53:c.476C>A/50_ENST00000269305_17:7578454 ,6,"B48235,B48241,B48245,B48246,B48277,B48302"
TP53:c.523C>A/50_ENST00000269305_17:7578407 ,6,"B48251,B48289,B48300,B48334,B48348,B48364"
TP53:c.869G>A/50_ENST00000269305_17:7577069 ,6,"B48238,B48240,B48277,B48307,B48311,B48362"
TP53:C182*(T~G~C>T~G~A)/50_ENST00000269305_17:7578384 ,6,"B48238,B48246,B48267,B48281,B48299,B48315"
TP53:D49N(G~A~T>A~A~T)/50_ENST00000269305_17:7579540 ,6,"B48232,B48267,B48271,B48331,B48337,B48356"
TP53:P153T(C~C~C>A~C~C)/50_ENST00000269305_17:7578471 ,6,"B48245,B48251,B48261,B48290,B48306,B48361"
TP53:R196Q(C~G~A>C~A~A)/50_ENST00000269305_17:7578261 ,6,"B48249,B48288,B48293,B48321,B48352,B48353"
TP53:S166*(T~C~A>T~A~A)/50_ENST00000269305_17:7578432 ,6,"B48238,B48244,B48256,B48282,B48312,B48360"
TP53:T140N(A~C~C>A~A~C)/50_ENST00000269305_17:7578510 ,6,"B48238,B48260,B48273,B48318,B48346,B48363"
TP53:Y126*(T~A~C>T~A~A)/50_ENST00000269305_17:7578552 ,6,"B48232,B48237,B48272,B48283,B48306,B48345"
BCL6:R618S(C~G~T>A~G~T)/50_ENST00000406870_3:187442852 ,5,"B48238,B48246,B48258,B48322,B48355"
CDKN2A:D84N(G~A~C>A~A~C)/50_ENST00000304494_9:21971106 ,5,"B48243,B48252,B48328,B48334,B48335"
CDKN2A:G67S(G~G~C>A~G~C)/50_ENST00000304494_9:21971157 ,5,"B48233,B48293,B48296,B48312,B48360"
EEF1A1:D97N(GAC>AAC)/50_ENST00000316292_6:74229093,5,"B48246,B48253,B48300,B48302,B48318"
EP300:R1627W(C~G~G>T~G~G)/50_ENST00000263253_22:41572350 ,5,"B48272,B48283,B48318,B48335,B48337"
MAP2K1:R47Q(C~G~A>C~A~A)/50_ENST00000307102_15:66727423 ,5,"B48265,B48322,B48340,B48347,B48356"
MEF2B:E77K(G~A~G>A~A~G)/50_ENST00000424583_19:19260062 ,5,"B48263,B48265,B48270,B48314,B48323"
NOTCH1:L1593M(C~T~G>A~T~G)/50_ENST00000277541_9:139399364 ,5,"B48260,B48297,B48320,B48330,B48344"
PTEN:A121E(G~C~A>G~A~A)/50_ENST00000371953_10:89692877 ,5,"B48253,B48299,B48325,B48327,B48354"
PTEN:A34D(G~C~T>G~A~T)/50_ENST00000371953_10:89653802 ,5,"B48234,B48279,B48282,B48304,B48356"
PTEN:D92E(G~A~C>G~A~A)/50_ENST00000371953_10:89692790 ,5,"B48280,B48284,B48288,B48291,B48356"
PTEN:H93N(C~A~T>A~A~T)/50_ENST00000371953_10:89692793 ,5,"B48244,B48252,B48320,B48352,B48355"
SMARCA4:T910K(A~C~G>A~A~G)/50_ENST00000358026_19:11132512 ,5,"B48238,B48293,B48312,B48326,B48341"
TP53:A138D(G~C~C>G~A~C)/50_ENST00000269305_17:7578516 ,5,"B48281,B48306,B48344,B48347,B48354"
TP53:c.451C>A/50_ENST00000269305_17:7578479 ,5,"B48242,B48292,B48313,B48333,B48338"
TP53:c.455C>A/50_ENST00000269305_17:7578475 ,5,"B48238,B48244,B48305,B48350,B48358"
TP53:c.473G>A/50_ENST00000269305_17:7578457 ,5,"B48251,B48256,B48261,B48265,B48277"
TP53:c.542G>A/50_ENST00000269305_17:7578388 ,5,"B48233,B48250,B48261,B48271,B48315"
TP53:c.843C>A/50_ENST00000269305_17:7577095 ,5,"B48262,B48265,B48280,B48332,B48348"
TP53:L130I(C~T~C>A~T~C)/50_ENST00000269305_17:7578540 ,5,"B48235,B48241,B48255,B48306,B48362"
TP53:N131K(A~A~C>A~A~A)/50_ENST00000269305_17:7578537 ,5,"B48235,B48271,B48302,B48343,B48356"
TP53:P128H(C~C~T>C~A~T)/50_ENST00000269305_17:7578546 ,5,"B48290,B48308,B48314,B48345,B48349"
TP53:P190T(C~C~T>A~C~T)/50_ENST00000269305_17:7578279 ,5,"B48254,B48290,B48293,B48348,B48355"
TP53:T170K(A~C~G>A~A~G)/50_ENST00000269305_17:7578420 ,5,"B48251,B48307,B48347,B48357,B48363"
BCL6:R618P(C~G~T>C~C~T)/50_ENST00000406870_3:187442852 ,4,"B48238,B48244,B48249,B48345"
CDKN2A:A68V(G~C~G>G~T~G)/50_ENST00000304494_9:21971154 ,4,"B48238,B48240,B48265,B48279"
CDKN2A:A73T(G~C~C>A~C~C)/50_ENST00000304494_9:21971139 ,4,"B48294,B48318,B48320,B48340"
CDKN2A:D108N(G~A~T>A~A~T)/50_ENST00000304494_9:21971034 ,4,"B48239,B48276,B48297,B48329"
CDKN2A:N71K(A~A~C>A~A~A)/50_ENST00000304494_9:21971145 ,4,"B48269,B48313,B48347,B48364"
CDKN2A:P48Q(C~C~G>C~A~G)/50_ENST00000304494_9:21974683 ,4,"B48269,B48283,B48327,B48347"
CDKN2A:P81H(C~C~C>C~A~C)/50_ENST00000304494_9:21971115 ,4,"B48238,B48242,B48343,B48347"
CDKN2A:R87W(C~G~G>T~G~G)/50_ENST00000304494_9:21971097 ,4,"B48241,B48269,B48323,B48361"
CREBBP:c.4336C>T/50_ENST00000262367_16:3788618 ,4,"B48261,B48277,B48346,B48351"
CREBBP:R1446H(C~G~C>C~A~C)/50_ENST00000262367_16:3788616 ,4,"B48268,B48301,B48302,B48327"
CTSS:Y132D(TAT>GAT)/50_ENST00000368985_1:150727480,4,"B48241,B48244,B48247,B48350"
EZH2:R690C(C~G~T>T~G~T)/50_ENST00000320356_7:148506442 ,4,"B48292,B48334,B48336,B48348"
HVCN1:R205Q(CGG>CAG)/50_ENST00000356742_12:111089050,4,"B48246,B48251,B48262,B48286"
MAP2K1:L115M(C~T~G>A~T~G)/50_ENST00000307102_15:66729135 ,4,"B48232,B48246,B48316,B48347"
MAP2K1:P124T(C~C~G>A~C~G)/50_ENST00000307102_15:66729162 ,4,"B48238,B48244,B48246,B48354"
NOTCH1:R1598C(C~G~C>T~G~C)/50_ENST00000277541_9:139399349 ,4,"B48269,B48283,B48288,B48316"
PTEN:D301N(G~A~T>A~A~T)/50_ENST00000371953_10:89720750 ,4,"B48242,B48280,B48293,B48301"
PTEN:F347L(T~T~C>T~T~A)/50_ENST00000371953_10:89725056 ,4,"B48232,B48245,B48280,B48290"
PTEN:L42I(C~T~T>A~T~T)/50_ENST00000371953_10:89653826 ,4,"B48270,B48305,B48343,B48355"
PTEN:P169H(C~C~C>C~A~C)/50_ENST00000371953_10:89711887 ,4,"B48238,B48254,B48260,B48346"
PTEN:P246Q(C~C~G>C~A~G)/50_ENST00000371953_10:89717711 ,4,"B48245,B48326,B48355,B48362"
TNFRSF14:W12*(TGG>TAG)/50_ENST00000355716_1:2488137,4,"B48249,B48268,B48305,B48317"
TP53:c.309C>A/50_ENST00000269305_17:7579378 ,4,"B48238,B48251,B48263,B48337"
TP53:c.322G>A/50_ENST00000269305_17:7579365 ,4,"B48247,B48263,B48270,B48292"
TP53:c.452C>A/50_ENST00000269305_17:7578478 ,4,"B48238,B48277,B48285,B48347"
TP53:c.464C>A/50_ENST00000269305_17:7578466 ,4,"B48232,B48246,B48317,B48350"
TP53:c.472C>T/50_ENST00000269305_17:7578458 ,4,"B48232,B48259,B48307,B48313"
TP53:c.509C>T/50_ENST00000269305_17:7578421 ,4,"B48239,B48241,B48282,B48358"
TP53:c.535C>A/50_ENST00000269305_17:7578395 ,4,"B48238,B48308,B48311,B48327"
TP53:c.586C>T/50_ENST00000269305_17:7578263 ,4,"B48233,B48242,B48294,B48318"
TP53:c.638G>A/50_ENST00000269305_17:7578211 ,4,"B48256,B48262,B48275,B48333"
TP53:c.799C>T/50_ENST00000269305_17:7577139 ,4,"B48250,B48287,B48301,B48309"
TP53:c.818G>A/50_ENST00000269305_17:7577120 ,4,"B48262,B48290,B48293,B48328"
TP53:c.833C>A/50_ENST00000269305_17:7577105 ,4,"B48233,B48276,B48277,B48306"
TP53:c.848G>A/50_ENST00000269305_17:7577090 ,4,"B48250,B48286,B48311,B48346"
TP53:F109L(T~T~C>T~T~A)/50_ENST00000269305_17:7579360 ,4,"B48259,B48279,B48313,B48345"
TP53:H297N(C~A~C>A~A~C)/50_ENST00000269305_17:7577047 ,4,"B48234,B48238,B48297,B48330"
TP53:L265M(C~T~G>A~T~G)/50_ENST00000269305_17:7577143 ,4,"B48238,B48240,B48307,B48362"
TP53:P142H(C~C~T>C~A~T)/50_ENST00000269305_17:7578504 ,4,"B48236,B48243,B48306,B48349"
TP53:R156C(C~G~C>T~G~C)/50_ENST00000269305_17:7578462 ,4,"B48256,B48261,B48269,B48334"
TP53:R181S(C~G~C>A~G~C)/50_ENST00000269305_17:7578387 ,4,"B48235,B48250,B48287,B48290"
CARD11:R170C(C~G~C>T~G~C)/50_ENST00000396946_7:2984020 ,3,"B48338,B48339,B48340"
CDKN2A:A57D(G~C~C>G~A~C)/50_ENST00000304494_9:21971187 ,3,"B48240,B48306,B48314"
CDKN2A:A57T(G~C~C>A~C~C)/50_ENST00000304494_9:21971187 ,3,"B48296,B48324,B48352"
CDKN2A:A68T(G~C~G>A~C~G)/50_ENST00000304494_9:21971154 ,3,"B48280,B48281,B48313"
CDKN2A:D74E(G~A~C>G~A~A)/50_ENST00000304494_9:21971136 ,3,"B48246,B48280,B48355"
CDKN2A:P114H(C~C~C>C~A~C)/50_ENST00000304494_9:21971016 ,3,"B48244,B48312,B48321"
EP300:C1385*(T~G~C>T~G~A)/50_ENST00000263253_22:41564852 ,3,"B48337,B48347,B48354"
EZH2:c.1936T>C/50_ENST00000320356_7:148508728 ,3,"B48239,B48334,B48343"
EZH2:c.1937A>C/50_ENST00000320356_7:148508727 ,3,"B48254,B48323,B48328"
MAP2K1:c.199G>A/50_ENST00000307102_15:66727483 ,3,"B48294,B48344,B48358"
MEF2B:D83E(G~A~C>G~A~A)/50_ENST00000424583_19:19260044 ,3,"B48340,B48343,B48352"
MEF2B:D83V(G~A~C>G~T~C)/50_ENST00000424583_19:19260044 ,3,"B48269,B48272,B48328"
NOTCH1:L1600M(C~T~G>A~T~G)/50_ENST00000277541_9:139399343 ,3,"B48238,B48340,B48355"
NOTCH1:L1678M(C~T~G>A~T~G)/50_ENST00000277541_9:139397767 ,3,"B48239,B48296,B48302"
NOTCH1:R1598H(C~G~C>C~A~C)/50_ENST00000277541_9:139399349 ,3,"B48238,B48243,B48331"
PTEN:c.389G>A/50_ENST00000371953_10:89692905 ,3,"B48279,B48311,B48351"
PTEN:c.517C>T/50_ENST00000371953_10:89711899 ,3,"B48239,B48265,B48332"
PTEN:H123Q(C~A~C>C~A~A)/50_ENST00000371953_10:89692883 ,3,"B48306,B48307,B48355"
PTEN:L112I(C~T~A>A~T~A)/50_ENST00000371953_10:89692850 ,3,"B48234,B48244,B48340"
PTEN:P38H(C~C~T>C~A~T)/50_ENST00000371953_10:89653814 ,3,"B48249,B48307,B48364"
PTEN:R130*(C~G~A>T~G~A)/50_ENST00000371953_10:89692904 ,3,"B48233,B48250,B48310"
PTEN:Y68*(T~A~C>T~A~A)/50_ENST00000371953_10:89685307 ,3,"B48285,B48299,B48307"
RB1:c.1735C>T/50_ENST00000267163_13:49027168 ,3,"B48276,B48279,B48305"
RB1:R661W(C~G~G>T~G~G)/50_ENST00000267163_13:49033844 ,3,"B48247,B48249,B48307"
TP53:c.455C>T/50_ENST00000269305_17:7578475 ,3,"B48237,B48271,B48340"
TP53:c.482C>A/50_ENST00000269305_17:7578448 ,3,"B48247,B48282,B48306"
TP53:c.530C>A/50_ENST00000269305_17:7578400 ,3,"B48238,B48247,B48358"
TP53:c.541C>T/50_ENST00000269305_17:7578389 ,3,"B48258,B48260,B48314"
TP53:c.604C>A/50_ENST00000269305_17:7578245 ,3,"B48238,B48276,B48294"
TP53:c.637C>T/50_ENST00000269305_17:7578212 ,3,"B48236,B48243,B48284"
TP53:c.817C>T/50_ENST00000269305_17:7577121 ,3,"B48234,B48276,B48279"
TP53:c.844C>T/50_ENST00000269305_17:7577094 ,3,"B48237,B48298,B48314"
TP53:C176*(T~G~C>T~G~A)/50_ENST00000269305_17:7578402 ,3,"B48286,B48302,B48323"
TP53:C242*(T~G~C>T~G~A)/50_ENST00000269305_17:7577555 ,3,"B48261,B48280,B48346"
TP53:D208E(G~A~C>G~A~A)/50_ENST00000269305_17:7578225 ,3,"B48289,B48293,B48305"
TP53:H168Q(C~A~C>C~A~A)/50_ENST00000269305_17:7578426 ,3,"B48317,B48337,B48358"
TP53:H193N(C~A~T>A~A~T)/50_ENST00000269305_17:7578270 ,3,"B48238,B48324,B48362"
TP53:P142T(C~C~T>A~C~T)/50_ENST00000269305_17:7578504 ,3,"B48287,B48327,B48346"
TP53:P153H(C~C~C>C~A~C)/50_ENST00000269305_17:7578471 ,3,"B48234,B48252,B48263"
TP53:P190H(C~C~T>C~A~T)/50_ENST00000269305_17:7578279 ,3,"B48244,B48265,B48306"
TP53:P300T(C~C~C>A~C~C)/50_ENST00000269305_17:7577038 ,3,"B48313,B48353,B48357"
TP53:P72R(C~C~C>C~G~T)/50_ENST00000269305_17:7579471 ,3,"B48261,B48273,B48336"
TP53:Q192K(C~A~G>A~A~G)/50_ENST00000269305_17:7578273 ,3,"B48252,B48330,B48346"
TP53:R110H(C~G~T>C~A~T)/50_ENST00000269305_17:7579357 ,3,"B48271,B48317,B48327"
TP53:R290S(C~G~C>A~G~C)/50_ENST00000269305_17:7577068 ,3,"B48238,B48289,B48353"
TP53:T102N(A~C~C>A~A~C)/50_ENST00000269305_17:7579381 ,3,"B48312,B48330,B48343"
TP53:T253N(A~C~C>A~A~C)/50_ENST00000269305_17:7577522 ,3,"B48238,B48318,B48341"
1:2488105_T>C/50,2,"B48343,B48351"
1:2488106_G>A/50,2,"B48272,B48340"
CARD11:E626K(G~A~G>A~A~G)/50_ENST00000396946_7:2963929 ,2,"B48330,B48346"
CDKN2A:A60V(G~C~G>G~T~G)/50_ENST00000304494_9:21971178 ,2,"B48279,B48324"
DTX1:Y72*(TAC>TAA)/50_ENST00000257600_12:113496211,2,"B48324,B48355"
EP300:R1627Q(C~G~G>C~A~G)/50_ENST00000263253_22:41572350 ,2,"B48238,B48296"
EZH2:R690S(C~G~T>A~G~T)/50_ENST00000320356_7:148506442 ,2,"B48356,B48362"
EZH2:Y646*(T~A~C>T~A~A)/50_ENST00000320356_7:148508726 ,2,"B48233,B48280"
IRF8:Q392*(CAG>TAG)/50_ENST00000268638_16:85954781,2,"B48301,B48339"
MAP2K1:c.371C>T/50_ENST00000307102_15:66729163 ,2,"B48261,B48315"
MAP2K1:P306H(C~C~T>C~A~T)/50_ENST00000307102_15:66779586 ,2,"B48260,B48308"
MAP2K1:Q56K(C~A~G>A~A~G)/50_ENST00000307102_15:66727450 ,2,"B48246,B48271"
MAPK1:E322K(G~A~G>A~A~G)/50_ENST00000215832_22:22127162 ,2,"B48255,B48315"
MEF2B:K4E(A~A~A>G~A~A)/50_ENST00000424583_19:19261533 ,2,"B48299,B48343"
MYD88:c.794T>C/50_ENST00000396334_3:38182641 ,2,"B48290,B48304"
SMARCA4:R1005*(C~G~A>T~G~A)/50_ENST00000358026_19:11135046 ,2,"B48236,B48344"
TP53:c.245C>T/50_ENST00000269305_17:7579442 ,2,"B48309,B48329"
TP53:c.374C>T/50_ENST00000269305_17:7579313 ,2,"B48241,B48332"
TP53:c.380C>A/50_ENST00000269305_17:7578550 ,2,"B48283,B48355"
TP53:c.467G>A/50_ENST00000269305_17:7578463 ,2,"B48251,B48337"
TP53:c.476C>T/50_ENST00000269305_17:7578454 ,2,"B48237,B48345"
TP53:c.523C>T/50_ENST00000269305_17:7578407 ,2,"B48286,B48294"
TP53:c.742C>T/50_ENST00000269305_17:7577539 ,2,"B48244,B48274"
TP53:c.743G>A/50_ENST00000269305_17:7577538 ,2,"B48313,B48356"
TP53:c.817C>A/50_ENST00000269305_17:7577121 ,2,"B48305,B48347"
TP53:c.827C>A/50_ENST00000269305_17:7577111 ,2,"B48256,B48286"
TP53:c.916C>T/50_ENST00000269305_17:7577022 ,2,"B48238,B48345"
TP53:D228E(G~A~C>G~A~A)/50_ENST00000269305_17:7577597 ,2,"B48283,B48313"
TP53:H115N(C~A~T>A~A~T)/50_ENST00000269305_17:7579342 ,2,"B48316,B48330"
TP53:H178N(C~A~C>A~A~C)/50_ENST00000269305_17:7578396 ,2,"B48238,B48306"
TP53:L194I(C~T~T>A~T~T)/50_ENST00000269305_17:7578267 ,2,"B48305,B48310"
TP53:P250H(C~C~C>C~A~C)/50_ENST00000269305_17:7577531 ,2,"B48249,B48355"
TP53:P82T(C~C~G>A~C~G)/50_ENST00000269305_17:7579441 ,2,"B48276,B48323"
TP53:Q136K(C~A~A>A~A~A)/50_ENST00000269305_17:7578522 ,2,"B48249,B48282"
TP53:Q144K(C~A~G>A~A~G)/50_ENST00000269305_17:7578498 ,2,"B48234,B48264"
TP53:R156S(C~G~C>A~G~C)/50_ENST00000269305_17:7578462 ,2,"B48236,B48330"
TP53:R202C(C~G~T>T~G~T)/50_ENST00000269305_17:7578243 ,2,"B48346,B48362"
TP53:R202H(C~G~T>C~A~T)/50_ENST00000269305_17:7578243 ,2,"B48247,B48287"
TP53:S121Y(T~C~T>T~A~T)/50_ENST00000269305_17:7579324 ,2,"B48292,B48340"
TP53:T230N(A~C~C>A~A~C)/50_ENST00000269305_17:7577591 ,2,"B48289,B48290"
TP53:Y107*(T~A~C>T~A~A)/50_ENST00000269305_17:7579366 ,2,"B48238,B48294"
TP53:Y163*(T~A~C>T~A~A)/50_ENST00000269305_17:7578441 ,2,"B48238,B48286"
1:2488104_A>G/50,1,B48312
ATP6V1B2:R400W(CGG>TGG)/50_ENST00000276390_8:20074767,1,B48263
B2M:c.43delCT/50_ENST00000558401_15:45003787 ,1,B48246
B2M:M1R(A~T~G>A~G~G)/50_ENST00000558401_15:45003745 ,1,B48258
B2M:M1T(A~T~G>A~C~G)/50_ENST00000558401_15:45003745 ,1,B48281
BCL6:R594G(C~G~A>G~G~A)/50_ENST00000406870_3:187443344 ,1,B48235
BCL6:R594K(C~G~A>A~A~A)/50_ENST00000406870_3:187443344 ,1,B48328
BCL6:R618G(C~G~T>G~G~T)/50_ENST00000406870_3:187442852 ,1,B48277
CCND3:Q276*(C~A~A>T~A~A)/50_ENST00000372991_6:41903729 ,1,B48337
CDKN1B:G9R(G~G~G>A~G~G)/50_ENST00000228872_12:12870798 ,1,B48364
CDKN2A:A148T(G~C~G>A~C~A)/50_ENST00000304494_9:21970914 ,1,B48342
CDKN2A:D74A(G~A~C>G~C~C)/50_ENST00000304494_9:21971136 ,1,B48305
CDKN2A:G101W(G~G~G>T~G~G)/50_ENST00000304494_9:21971055 ,1,B48235
CDKN2A:P114L(C~C~C>C~T~C)/50_ENST00000304494_9:21971016 ,1,B48285
CREBBP:R1446S(C~G~C>A~G~C)/50_ENST00000262367_16:3788616 ,1,B48297
EP300:c.4195G>A/50_ENST00000263253_22:41565529 ,1,B48320
EZH2:A677E(G~C~A>G~A~A)/50_ENST00000460911_7:148506466 ,1,B48245
MAP2K1:E203V(G~A~G>G~T~G)/50_ENST00000307102_15:66774131 ,1,B48284
MAP2K1:F133L(T~T~C>T~T~A)/50_ENST00000307102_15:66729189 ,1,B48347
MAP2K1:P124Q(C~C~G>C~A~G)/50_ENST00000307102_15:66729162 ,1,B48320
MYC:T58P(A~C~C>C~C~C)/50_ENST00000259523_8:128750680 ,1,B48238
MYD88:S219C(T~C~T>T~G~T)/50_ENST00000417037_3:38182031 ,1,B48341
MYD88:S243R(A~G~C>A~G~A)/50_ENST00000396334_3:38182291 ,1,B48345
NOTCH1:c.7541delCT/50_ENST00000277541_9:139390649 ,1,B48340
NOTCH1:R1598S(C~G~C>A~G~C)/50_ENST00000277541_9:139399349 ,1,B48267
NOTCH2:E38V(G~A~A>G~T~A)/50_ENST00000256646_1:120572570 ,1,B48245
NOTCH2:N46K(A~A~T>A~A~A)/50_ENST00000256646_1:120572546 ,1,B48240
PTEN:c.314G>T/50_ENST00000371953_10:89692830 ,1,B48300
PTEN:c.697C>T/50_ENST00000371953_10:89717672 ,1,B48257
PTEN:C105R(T~G~T>C~G~T)/50_ENST00000371953_10:89692829 ,1,B48347
PTEN:C105Y(T~G~T>T~A~T)/50_ENST00000371953_10:89692829 ,1,B48318
PTEN:D92H(G~A~C>C~A~C)/50_ENST00000371953_10:89692790 ,1,B48266
PTEN:G129*(G~G~A>T~G~A)/50_ENST00000371953_10:89692901 ,1,B48293
PTEN:G251C(G~G~T>T~G~T)/50_ENST00000371953_10:89717726 ,1,B48245
PTEN:P246T(C~C~G>A~C~G)/50_ENST00000371953_10:89717711 ,1,B48234
PTEN:R159M(A~G~G>A~T~G)/50_ENST00000371953_10:89692991 ,1,B48351
PTEN:S170R(A~G~T>C~G~T)/50_ENST00000371953_10:89711890 ,1,B48245
RB1:R621C(C~G~T>T~G~T)/50_ENST00000267163_13:49030386 ,1,B48252
RHOA:G17V(G~G~A>G~T~A)/50_ENST00000418115_3:49412972 ,1,B48335
RHOA:R5Q(C~G~G>C~A~G)/50_ENST00000418115_3:49413008 ,1,B48310
RHOA:Y34C(T~A~T>T~G~T)/50_ENST00000418115_3:49412921 ,1,B48252
SMARCA4:G1232D(G~G~C>G~A~C)/50_ENST00000358026_19:11144113 ,1,B48346
SMARCA4:G1232R(G~G~C>C~G~C)/50_ENST00000358026_19:11144113 ,1,B48359
STAT6:D419A(GAC>GCC)/50_ENST00000300134_12:57496660,1,B48265
STAT6:D419E(GAC>GAA)/50_ENST00000300134_12:57496660,1,B48362
STAT6:D419G(GAC>GGC)/50_ENST00000300134_12:57496660,1,B48243
STAT6:D419H(GAC>CAC)/50_ENST00000300134_12:57496660,1,B48344
STAT6:D419N(GAC>AAC)/50_ENST00000300134_12:57496660,1,B48293
TNFRSF14:W12*(TGG>TGA)/50_ENST00000355716_1:2488137,1,B48266
TP53:A138S(G~C~C>T~C~C)/50_ENST00000269305_17:7578516 ,1,B48345
TP53:c.1009C>T/50_ENST00000269305_17:7574018 ,1,B48270
TP53:c.419C>T/50_ENST00000269305_17:7578511 ,1,B48358
TP53:c.439G>A/50_ENST00000269305_17:7578491 ,1,B48270
TP53:c.469G>T/50_ENST00000269305_17:7578461 ,1,B48349
TP53:c.502C>T/50_ENST00000269305_17:7578428 ,1,B48312
TP53:c.507G>A/50_ENST00000269305_17:7578423 ,1,B48290
TP53:c.514G>T/50_ENST00000269305_17:7578416 ,1,B48284
TP53:c.517G>A/50_ENST00000269305_17:7578413 ,1,B48240
TP53:c.518T>C/50_ENST00000269305_17:7578412 ,1,B48326
TP53:c.733G>A/50_ENST00000269305_17:7577548 ,1,B48342
TP53:c.796G>A/50_ENST00000269305_17:7577142 ,1,B48241
TP53:c.811G>A/50_ENST00000269305_17:7577127 ,1,B48326
TP53:c.823T>C/50_ENST00000269305_17:7577115 ,1,B48238
TP53:c.826G>A/50_ENST00000269305_17:7577112 ,1,B48340
TP53:c.832C>A/50_ENST00000269305_17:7577106 ,1,B48286
TP53:c.845G>A/50_ENST00000269305_17:7577093 ,1,B48362
TP53:c.847C>T/50_ENST00000269305_17:7577091 ,1,B48253
TP53:D259E(G~A~C>G~A~A)/50_ENST00000269305_17:7577504 ,1,B48288
TP53:E11K(G~A~G>A~A~G)/50_ENST00000269305_17:7579880 ,1,B48232
TP53:F113L(T~T~C>T~T~A)/50_ENST00000269305_17:7579348 ,1,B48319
TP53:H214N(C~A~T>A~A~T)/50_ENST00000269305_17:7578207 ,1,B48356
TP53:K139*(A~A~G>T~A~G)/50_ENST00000269305_17:7578513 ,1,B48292
TP53:L130P(C~T~C>C~C~C)/50_ENST00000269305_17:7578540 ,1,B48294
TP53:M160I(A~T~G>A~T~T)/50_ENST00000269305_17:7578450 ,1,B48343
TP53:N247K(A~A~C>A~A~A)/50_ENST00000269305_17:7577540 ,1,B48332
TP53:P222L(C~C~G>C~T~G)/50_ENST00000269305_17:7578183 ,1,B48318
TP53:P250T(C~C~C>A~C~C)/50_ENST00000269305_17:7577531 ,1,B48290
TP53:P309S(C~C~C>T~C~C)/50_ENST00000269305_17:7576919 ,1,B48250
TP53:P47S(C~C~G>T~C~G)/50_ENST00000269305_17:7579546 ,1,B48311
TP53:P82Q(C~C~G>C~A~G)/50_ENST00000269305_17:7579441 ,1,B48351
TP53:R290C(C~G~C>T~G~C)/50_ENST00000269305_17:7577068 ,1,B48291
TP53:R337H(C~G~C>C~A~C)/50_ENST00000269305_17:7574016 ,1,B48334
TP53:T211N(A~C~T>A~A~T)/50_ENST00000269305_17:7578216 ,1,B48306
TP53:Y126F(T~A~C>T~T~C)/50_ENST00000269305_17:7578552 ,1,B48315
TP53:Y234*(T~A~C>T~A~A)/50_ENST00000269305_17:7577579 ,1,B48281
