Exon_Genomic_Coordinates	Exon_Ensembl_Transcript_ID	Exon_Gene_Symbol	Exon_Number	Min_Coverage_B48324	Max_Coverage_B48324	Mean_Coverage_B48324	Median_Coverage_B48324	Min_Coverage_B48325	Max_Coverage_B48325	Mean_Coverage_B48325	Median_Coverage_B48325	Min_Coverage_B48326	Max_Coverage_B48326	Mean_Coverage_B48326	Median_Coverage_B48326	Min_Coverage_B48327	Max_Coverage_B48327	Mean_Coverage_B48327	Median_Coverage_B48327	Min_Coverage_B48328	Max_Coverage_B48328	Mean_Coverage_B48328	Median_Coverage_B48328	Min_Coverage_B48329	Max_Coverage_B48329	Mean_Coverage_B48329	Median_Coverage_B48329	Min_Coverage_B48330	Max_Coverage_B48330	Mean_Coverage_B48330	Median_Coverage_B48330	Min_Coverage_B48331	Max_Coverage_B48331	Mean_Coverage_B48331	Median_Coverage_B48331	Min_Coverage_B48332	Max_Coverage_B48332	Mean_Coverage_B48332	Median_Coverage_B48332	Min_Coverage_B48333	Max_Coverage_B48333	Mean_Coverage_B48333	Median_Coverage_B48333	Min_Coverage_B48334	Max_Coverage_B48334	Mean_Coverage_B48334	Median_Coverage_B48334	Min_Coverage_B48335	Max_Coverage_B48335	Mean_Coverage_B48335	Median_Coverage_B48335	Min_Coverage_B48336	Max_Coverage_B48336	Mean_Coverage_B48336	Median_Coverage_B48336	Min_Coverage_B48337	Max_Coverage_B48337	Mean_Coverage_B48337	Median_Coverage_B48337	Min_Coverage_B48338	Max_Coverage_B48338	Mean_Coverage_B48338	Median_Coverage_B48338	Min_Coverage_B48339	Max_Coverage_B48339	Mean_Coverage_B48339	Median_Coverage_B48339	Min_Coverage_B48340	Max_Coverage_B48340	Mean_Coverage_B48340	Median_Coverage_B48340	Min_Coverage_B48341	Max_Coverage_B48341	Mean_Coverage_B48341	Median_Coverage_B48341	Min_Coverage_B48342	Max_Coverage_B48342	Mean_Coverage_B48342	Median_Coverage_B48342	Min_Coverage_B48343	Max_Coverage_B48343	Mean_Coverage_B48343	Median_Coverage_B48343	Min_Coverage_B48344	Max_Coverage_B48344	Mean_Coverage_B48344	Median_Coverage_B48344	Min_Coverage_B48345	Max_Coverage_B48345	Mean_Coverage_B48345	Median_Coverage_B48345	Min_Coverage_B48346	Max_Coverage_B48346	Mean_Coverage_B48346	Median_Coverage_B48346	Min_Coverage_B48347	Max_Coverage_B48347	Mean_Coverage_B48347	Median_Coverage_B48347	Min_Coverage_B48348	Max_Coverage_B48348	Mean_Coverage_B48348	Median_Coverage_B48348	Min_Coverage_B48349	Max_Coverage_B48349	Mean_Coverage_B48349	Median_Coverage_B48349	Min_Coverage_B48350	Max_Coverage_B48350	Mean_Coverage_B48350	Median_Coverage_B48350	Min_Coverage_B48351	Max_Coverage_B48351	Mean_Coverage_B48351	Median_Coverage_B48351	Min_Coverage_B48352	Max_Coverage_B48352	Mean_Coverage_B48352	Median_Coverage_B48352	Min_Coverage_B48353	Max_Coverage_B48353	Mean_Coverage_B48353	Median_Coverage_B48353	Min_Coverage_B48354	Max_Coverage_B48354	Mean_Coverage_B48354	Median_Coverage_B48354	Min_Coverage_B48355	Max_Coverage_B48355	Mean_Coverage_B48355	Median_Coverage_B48355	Min_Coverage_B48356	Max_Coverage_B48356	Mean_Coverage_B48356	Median_Coverage_B48356	Min_Coverage_B48357	Max_Coverage_B48357	Mean_Coverage_B48357	Median_Coverage_B48357	Min_Coverage_B48358	Max_Coverage_B48358	Mean_Coverage_B48358	Median_Coverage_B48358	Min_Coverage_B48359	Max_Coverage_B48359	Mean_Coverage_B48359	Median_Coverage_B48359	Min_Coverage_B48360	Max_Coverage_B48360	Mean_Coverage_B48360	Median_Coverage_B48360	Min_Coverage_B48361	Max_Coverage_B48361	Mean_Coverage_B48361	Median_Coverage_B48361	Min_Coverage_B48362	Max_Coverage_B48362	Mean_Coverage_B48362	Median_Coverage_B48362	Min_Coverage_B48363	Max_Coverage_B48363	Mean_Coverage_B48363	Median_Coverage_B48363	Min_Coverage_B48364	Max_Coverage_B48364	Mean_Coverage_B48364	Median_Coverage_B48364
chr10:89624205-89725256	PTEN	PTEN	exon_1	0	59	0.8651275098712531	0.0	0	88	1.6546100483914064	0.0	0	61	1.0617312050350813	0.0	0	91	1.3219661359115693	0.0	0	102	1.946621013151775	0.0	0	88	1.2363361075100692	0.0	0	200	4.181541993646772	0.0	0	35	0.3697143026788453	0.0	0	17	0.19466408051379996	0.0	0	33	0.24075961643130697	0.0	0	34	0.46148974280313904	0.0	0	37	0.2728424261016714	0.0	0	29	0.2582161482815608	0.0	0	48	0.6388655233495958	0.0	0	98	1.22668751422549	0.0	0	14	0.09205252793144056	0.0	0	39	0.45616569850867383	0.0	0	35	0.35702763950876293	0.0	0	57	0.6867621300135575	0.0	0	36	0.3316048332030361	0.0	0	49	0.5248537867017644	0.0	0	179	2.7207449703615008	0.0	0	205	2.8903128123422825	0.0	0	179	3.3947907492256384	0.0	0	142	2.6188459292832333	0.0	0	63	0.8204965809343797	0.0	0	96	1.7998436433088243	0.0	0	53	0.9373484676054665	0.0	0	147	2.9028510356156794	0.0	0	126	2.1451049470069568	0.0	0	216	3.9142809076604883	0.0	0	219	2.699983176811709	0.0	0	177	2.949015843484973	0.0	0	41	0.5397868403083591	0.0	0	52	0.540548831778013	0.0	0	9	0.05438837814568881	0.0	0	61	0.7143719507971222	0.0	0	58	0.33756222105669415	0.0	0	80	1.4021434721081434	0.0	0	52	0.5494849135585002	0.0	0	187	2.9010202768898874	0.0
chr10:90750588-90774221	FAS	ACTA2,FAS	exon_1,exon_1	0	129	5.167943130368553	0.0	0	138	8.874582152075488	0.0	0	85	6.087504760292811	0.0	0	108	6.34735327719714	0.0	0	131	8.929801548681928	0.0	0	122	7.133203571277451	0.0	0	285	19.59179960225109	0.0	0	55	1.8999703804002877	0.0	0	22	0.632124571573647	0.0	0	41	0.8961198324376931	0.0	0	78	1.992891296069056	0.0	0	15	0.6384293149409723	0.0	0	58	1.066178648499979	0.0	0	97	2.9204502179156266	0.0	0	155	5.908475436889096	0.0	0	14	0.251174205560022	0.0	0	77	1.9022130072356451	0.0	0	43	1.695383573816274	0.0	0	69	2.7401091693817965	0.0	0	42	1.2434731096348326	0.0	0	72	2.0422290864469175	0.0	0	197	12.904413320357127	0.0	0	219	12.362374645622646	0.0	0	236	15.739643718529175	0.0	0	195	12.308593915287945	0.0	0	116	4.410781534295265	0.0	0	128	8.403715144078197	0.0	0	75	4.590022426268353	0.0	0	176	13.765539711420471	0.0	0	160	10.561926120255574	0.0	0	270	18.59569246392756	0.0	0	284	14.480937671899463	0.0	0	197	14.10853467608852	0.0	0	69	2.353150255997969	0.0	0	61	1.8612956459188423	0.0	0	15	0.31303685524478486	0.0	0	104	3.1726399526086406	0.0	0	31	0.8688698007024076	0.0	0	121	6.619176575127999	0.0	0	61	1.9340329200693944	0.0	0	237	15.311386620403672	0.0
chr11:111224962-111249954	POU2AF1	POU2AF1	exon_3	0	205	9.329625480153648	0.0	0	155	8.225512163892446	0.0	0	115	6.827104673495518	0.0	0	157	9.660371318822023	0.0	0	180	9.786411651728553	0.0	0	162	8.882162291933419	0.0	0	460	30.45954705505762	0.0	0	65	3.2491597311139566	0.0	0	33	1.1233994878361075	0.0	0	220	5.662892125480154	0.0	0	104	4.131282010243278	0.0	0	60	1.8161411651728554	0.0	0	182	4.998479513444302	0.0	0	141	5.222631241997439	0.0	0	269	13.370758642765685	0.0	0	26	0.8477912932138284	0.0	0	214	8.308298655569782	0.0	0	71	2.397247119078105	0.0	0	129	4.924535851472471	0.0	0	39	1.6774967989756722	0.0	0	81	3.975832266325224	0.0	0	437	28.672095070422536	0.0	0	391	26.882962548015364	0.0	0	481	33.09571062740077	0.0	0	356	23.777128681177977	0.0	0	285	12.64164532650448	0.0	0	235	14.82114276568502	0.0	0	146	6.859915172855314	0.0	0	309	20.955745838668374	0.0	0	307	20.46250800256082	0.0	0	299	18.55493758002561	0.0	0	592	40.85723431498079	0.0	0	417	27.806137964148526	0.0	0	184	7.860515364916774	0.0	0	155	4.532050256081946	0.0	0	35	0.674775928297055	0.0	0	126	5.557538412291933	0.0	0	192	4.817581626120359	0.0	0	238	12.102152688860436	0.0	0	206	6.917173495518566	0.0	0	423	27.671694942381563	0.0
chr12:111087187-111099291	HVCN1	HVCN1,TCTN1	exon_4,exon_15	0	188	9.962243886318573	0.0	0	110	7.746447455386649	0.0	0	136	7.944729015201586	0.0	0	189	10.675892267019167	0.0	0	155	11.227032385988103	0.0	0	161	9.458113020489094	0.0	0	445	31.419117647058822	0.0	0	93	4.470505617977528	0.0	0	25	1.6817580964970258	0.0	0	150	5.68845009914078	0.0	0	133	5.433575677461996	0.0	0	49	2.077412425644415	0.0	0	158	6.271728354263054	0.0	0	154	5.448859881031064	0.0	0	270	12.08393919365499	0.0	0	24	1.008013879709187	0.0	0	156	8.120373430270984	0.0	0	61	2.924074686054197	0.0	0	126	5.745456047587575	0.0	0	58	2.572207534699273	0.0	0	89	3.643423661599471	0.0	0	420	30.241077329808327	0.0	0	395	29.379048248512888	0.0	0	416	33.216787838731	0.0	0	340	25.20125578321216	0.0	0	264	13.310641110376736	0.0	0	218	14.65325512227363	0.0	0	138	8.254048248512888	0.0	0	279	20.549239920687377	0.0	0	279	21.13003965631196	0.0	0	126	9.314358889623264	0.0	0	548	43.70910442828817	0.0	0	376	28.723314606741575	0.0	0	194	8.523215465961666	0.0	0	111	5.069563780568407	0.0	0	20	0.5922009253139459	0.0	0	166	8.534947124917382	0.0	0	108	5.1694481163251815	0.0	0	247	13.836252478519498	0.0	0	158	7.5817085261070725	0.0	0	361	28.073529411764707	0.0
chr12:113495947-113534751	DTX1	DTX1	exon_1	0	97	4.593495515926193	0.0	0	46	2.1040356664261415	0.0	0	51	2.473327492011133	0.0	0	103	4.349860839088754	0.0	0	73	3.208148644469642	0.0	0	82	3.674595402535821	0.0	0	177	9.286413771776106	0.0	0	80	2.650164931450366	0.0	0	42	1.2322440985465415	0.0	0	133	4.2772394598495005	0.0	0	183	5.554272755386043	0.0	0	55	1.5837284815998351	0.0	0	157	5.440341201937945	0.0	0	96	4.027857952788373	0.0	0	137	6.764379960828781	0.0	0	43	0.881172044119163	0.0	0	101	4.036439542315225	0.0	0	41	1.5703278012576023	0.0	0	89	3.7617255952994535	0.0	0	48	1.7741727656942583	0.0	0	91	3.069065044840738	0.0	0	199	9.582208019791773	0.0	0	175	9.609988660962788	0.0	0	203	10.484950005154108	0.0	0	135	6.9148541387485825	0.0	0	109	5.089114524275848	0.0	0	89	4.689181527677559	0.0	0	102	3.6303216163282137	0.0	0	90	4.772652303886197	0.0	0	128	6.848366147819813	0.0	0	85	4.769353674878879	0.0	0	242	12.771982269869085	0.0	0	178	9.303319245438615	0.0	0	140	5.43508401195753	0.0	0	81	3.570688588805278	0.0	0	24	0.6366096278734151	0.0	0	169	5.968328007421915	0.0	0	88	3.3194258323884136	0.0	0	99	4.43668178538295	0.0	0	76	3.6983300690650447	0.0	0	181	9.825868467168332	0.0
chr12:122459983-122497093	BCL7A	BCL7A	exon_1	0	129	2.446456480732956	0.0	0	70	1.3956345998383186	0.0	0	66	1.5670439234707625	0.0	0	118	2.3499865265427107	0.0	0	92	2.0215575316626246	0.0	0	69	1.948558340070062	0.0	0	234	6.4378604149824845	0.0	0	68	1.405470223659391	0.0	0	34	0.6037186742118027	0.0	0	177	2.3681218000538937	0.0	0	169	2.386580436540016	0.0	0	57	1.0942872541094044	0.0	0	149	2.7130153597413096	0.0	0	124	2.2792508757747236	0.0	0	173	3.4647534357316085	0.0	0	31	0.4085152250067367	0.0	0	149	3.1101320398814334	0.0	0	49	0.8178388574508219	0.0	0	82	1.612395580706009	0.0	0	52	0.8400431150633253	0.0	0	65	1.3498248450552413	0.0	0	213	6.349205066019941	0.0	0	229	6.789059552681218	0.0	0	215	6.162247372675829	0.0	0	158	4.789302074912422	0.0	0	140	3.1424952842899487	0.0	0	101	2.8165723524656427	0.0	0	99	2.058986796011857	0.0	0	118	3.764403125842091	0.0	0	150	4.1872002155753165	0.0	0	107	2.985206143896524	0.0	0	259	8.366262462947992	0.0	0	209	5.909754783077338	0.0	0	109	2.1905416329830234	0.0	0	75	1.7315548369711669	0.0	0	24	0.3344651037456211	0.0	0	101	2.240204796550795	0.0	0	129	1.9145513338722717	0.0	0	107	2.624279170035031	0.0	0	148	2.7096469954190243	0.0	0	195	5.670681756938831	0.0
chr12:12870771-12871939	CDKN1B	CDKN1B	exon_1	2	284	112.48458904109589	95.0	4	213	104.14469178082192	117.0	0	184	80.09417808219177	85.0	3	246	119.34760273972603	121.0	4	235	117.0693493150685	131.0	2	272	128.96746575342465	137.0	14	520	278.3193493150685	312.0	0	90	42.83989726027397	53.5	0	39	15.27140410958904	16.0	0	135	39.2166095890411	15.0	0	182	61.63184931506849	38.0	0	26	8.482020547945206	8.0	0	115	33.23544520547945	9.0	0	166	55.95890410958904	37.0	4	445	170.24743150684932	99.0	0	38	13.96404109589041	15.0	0	110	39.15154109589041	22.0	0	115	57.75342465753425	68.0	0	140	56.800513698630134	52.0	0	74	28.038527397260275	23.0	0	169	68.73715753424658	76.0	8	467	237.96318493150685	227.5	9	451	222.3039383561644	246.0	10	524	269.93835616438355	312.0	7	449	225.29965753424656	250.0	1	263	100.14982876712328	66.0	3	305	142.42551369863014	153.0	1	228	101.71489726027397	108.5	6	418	195.6669520547945	209.5	10	346	183.2029109589041	201.5	9	267	160.40239726027397	192.0	24	676	355.80650684931504	410.5	14	516	256.7431506849315	263.0	0	225	81.24400684931507	64.0	0	136	40.23972602739726	20.0	0	24	5.905821917808219	1.0	0	175	64.47602739726027	56.0	0	84	27.736301369863014	17.0	1	292	133.63270547945206	132.0	0	94	34.80650684931507	20.0	9	527	271.88955479452056	302.0
chr12:49415549-49449143	KMT2D	KMT2D	exon_2	0	268	64.37408465797463	61.0	0	179	45.15446210632851	46.0	0	257	46.97797225695064	46.0	0	434	88.14166220158361	86.0	0	279	65.42385545037804	69.0	0	341	66.82362921950349	67.0	0	1046	235.15246770256593	255.0	0	75	19.983092218848604	20.0	0	57	11.326397570994821	10.0	0	276	38.654194201345476	23.0	0	183	33.5035422992201	27.0	0	96	13.794635946895278	11.0	0	248	37.42343870929333	26.0	0	199	39.211228195511104	30.0	0	597	109.9980651306781	99.0	0	40	5.69958921235935	4.0	0	502	72.90370304220991	66.0	0	55	13.466809549324283	14.0	0	125	32.193844138834315	31.0	0	63	13.496725605762935	12.0	0	158	25.649699351074595	25.0	0	881	184.77338215157468	198.0	0	1304	248.40004167410848	263.0	0	1011	209.3250878133	225.0	0	797	180.82297434065606	191.0	0	505	92.09385604572245	89.0	0	420	86.19554087039353	92.0	0	218	48.091891409180214	47.0	0	498	106.35229505268798	115.0	0	719	140.98782520688218	154.0	0	606	134.31472882062272	144.0	0	1282	284.1302315889742	309.0	0	910	189.81568137167352	204.0	0	227	53.76841102577841	50.0	0	183	32.41653271417515	27.0	0	41	5.740548907543014	3.0	0	167	37.63651247246532	34.0	0	184	35.74162052747514	27.0	0	308	68.95011013871525	69.0	0	336	49.68062749300471	45.0	0	915	195.06105256891112	206.0
chr12:57490329-57502063	STAT6	STAT6	exon_2	0	103	17.682035111641383	10.0	0	76	16.363388443838417	11.0	0	69	14.475626384864496	8.0	0	123	27.842253281063577	17.0	0	83	19.882307823419122	14.0	0	77	19.61257883074825	13.0	0	232	70.92875404806546	50.0	0	55	9.324356570649394	4.0	0	34	4.653656042270326	1.0	0	78	10.143514573035622	3.0	0	78	12.267854099198908	4.0	0	30	4.323504346343958	1.0	0	101	14.292483381626043	5.0	0	75	11.56417249019942	4.0	0	153	30.577126299642067	14.0	0	19	2.531787966592807	0.0	0	110	18.956792227714335	8.0	0	34	5.981506732572013	2.0	0	66	12.45968979035282	6.0	0	29	4.611726606442816	2.0	0	47	8.426538264871315	3.0	0	196	54.69268791545935	35.0	0	243	68.78933015169592	50.0	0	208	61.61505028123402	45.0	0	192	52.87480824953128	37.0	0	123	25.724731549343787	12.0	0	103	26.231634566217828	16.0	0	74	14.792227714334413	10.0	0	117	32.31140276120675	24.0	0	138	40.25728651781149	31.0	0	179	44.150417589909665	34.0	0	273	80.50911880006818	58.0	0	185	52.56766660985171	38.0	0	89	16.539202318050112	7.0	0	64	9.940514743480485	4.0	0	17	1.585563320265894	0.0	0	82	15.014317368331344	6.0	0	66	10.801176069541503	4.0	0	116	25.5508777910346	15.0	0	83	14.593062894153741	7.0	0	212	54.39918186466678	37.0
chr12:92537799-92539332	BTG1	BTG1	exon_1	0	76	23.0808871493803	22.0	0	73	31.556425309849967	34.0	0	50	21.602739726027398	24.0	0	76	28.431180691454664	33.0	0	91	31.366601435094587	25.0	0	81	29.830397912589692	29.0	0	155	65.82648401826484	65.0	0	73	21.609915198956294	22.0	0	24	5.631441617742988	2.0	0	55	9.731245923026744	2.0	0	109	23.022831050228312	10.0	0	24	3.862361382909328	0.0	0	57	10.187214611872147	1.0	0	71	15.273972602739725	8.0	0	117	30.003261578604043	25.0	0	40	5.746249184605349	1.0	0	30	5.7358121330724074	2.0	0	59	17.859752120026094	15.0	0	59	16.36921069797782	15.0	0	39	10.163731245923026	9.0	0	87	22.741682974559687	19.0	0	130	53.154598825831705	55.0	0	123	51.85061969993477	53.0	0	136	56.11676451402479	57.0	0	125	51.95368558382257	45.0	0	61	16.714285714285715	15.0	0	83	31.71819960861057	26.0	0	75	24.557077625570777	24.0	0	127	49.218525766470975	49.0	0	109	42.09197651663405	44.0	0	134	51.78082191780822	43.0	0	208	83.05022831050228	77.0	0	125	55.382257012394	57.0	0	99	21.57208088714938	11.0	0	48	9.900195694716242	4.0	0	9	1.0587084148727985	0.0	0	99	22.090019569471625	17.0	0	39	7.01761252446184	2.0	0	77	25.955642530984996	26.0	0	40	9.478799739073711	6.0	0	141	56.32681017612524	54.0
chr13:41133608-41240446	FOXO1	FOXO1	exon_1	0	129	1.4573372769988207	0.0	0	99	1.2972257062094013	0.0	0	86	0.9898818772346918	0.0	0	103	1.4682977966641082	0.0	0	83	1.0401729721634625	0.0	0	105	1.4005222860779873	0.0	0	288	4.421881727475243	0.0	0	76	0.6446114678297984	0.0	0	42	0.35644620827795354	0.0	0	83	0.7804900877964769	0.0	0	164	1.2047492465227727	0.0	0	34	0.41290552050768453	0.0	0	67	0.5788951496658492	0.0	0	144	1.1093524775828825	0.0	0	224	2.0903891873677907	0.0	0	62	0.35354461895580225	0.0	0	121	1.118646923379322	0.0	0	84	0.5909601452666654	0.0	0	71	0.8939235103614819	0.0	0	62	0.5412400082367697	0.0	0	132	0.9700106703607331	0.0	0	297	3.849079915385911	0.0	0	230	3.6278290495890975	0.0	0	301	4.5870383196989835	0.0	0	240	3.4321028098616595	0.0	0	113	1.3758962167019226	0.0	0	157	1.9811022295437952	0.0	0	105	1.1816582114977816	0.0	0	215	3.0616353731818267	0.0	0	206	3.015406503304068	0.0	0	203	2.9171362249386923	0.0	0	461	6.721569104625695	0.0	0	220	3.5213875212939216	0.0	0	124	1.2133884947303395	0.0	0	105	0.938299107059286	0.0	0	31	0.14945057002190232	0.0	0	81	0.7877440611018551	0.0	0	56	0.6168404500271439	0.0	0	128	1.618422284205994	0.0	0	116	1.0835938523746234	0.0	0	237	3.8280574327486474	0.0
chr13:48877978-49054230	RB1	LPAR6,RB1	exon_1,exon_1	0	164	1.1447075777863513	0.0	0	113	2.0533894650840843	0.0	0	99	1.3584980595964868	0.0	0	123	1.4039613734879604	0.0	0	102	1.6796575358010122	0.0	0	143	1.4951887070785013	0.0	0	342	5.357283888977147	0.0	0	113	0.6997821301318566	0.0	0	58	0.26518280643623904	0.0	0	336	0.736281006740349	0.0	0	215	0.7036856319360915	0.0	0	150	0.4164661961282709	0.0	0	206	0.4881703470031546	0.0	0	190	0.910815196423303	0.0	0	245	1.3400585525270636	0.0	0	48	0.1486848376188639	0.0	0	208	0.8739815718403195	0.0	0	73	0.5060311372353221	0.0	0	139	0.9210164991035563	0.0	0	91	0.44865873862424255	0.0	0	176	0.8343564895717496	0.0	0	307	3.6027392596963437	0.0	0	263	3.710703992011438	0.0	0	377	4.249177314299979	0.0	0	281	3.4651635158749974	0.0	0	198	1.2159862015750176	0.0	0	174	2.197013367224202	0.0	0	115	1.1717257109139187	0.0	0	225	3.5837494042620794	0.0	0	240	2.8701404806753965	0.0	0	198	4.382543176815015	0.0	0	472	5.086433061752491	0.0	0	272	3.717257109139187	0.0	0	185	1.0524419581054398	0.0	0	226	0.8025440846061321	0.0	0	76	0.1573939586501146	0.0	0	109	0.5862458298345551	0.0	0	217	0.6315446065860245	0.0	0	140	1.6849964823094206	0.0	0	274	0.8664696003449607	0.0	0	337	3.850015886344552	0.0
chr14:51190165-51288803	NIN1	NIN	exon_1	0	562	26.46803463168353	0.0	0	1054	81.12469839210041	0.0	0	753	52.956588738620006	0.0	0	872	49.970923984671224	0.0	0	1072	84.72397047790912	0.0	0	945	64.66220929053712	0.0	0	2693	199.74988341207242	0.0	0	153	8.24028264968876	0.0	0	126	3.194590320160587	0.0	0	347	9.14721506924309	0.0	0	114	5.667602749447474	0.0	0	78	2.6451469007887427	0.0	0	186	5.872077698250167	0.0	0	378	12.255591151483202	0.0	0	1029	44.873862000446074	0.0	0	85	1.7463148076806099	0.0	0	755	20.713518116750137	0.0	0	132	5.517052251667714	0.0	0	159	9.14976986556905	0.0	0	76	3.6692552565948215	0.0	0	169	8.240272511608103	0.0	0	2953	165.28717127273464	0.0	0	2588	166.83562116020195	0.0	0	3200	196.41869259311827	0.0	0	2598	156.26414769155903	0.0	0	1233	49.82952817372615	0.0	0	1648	102.59354407023662	0.0	0	428	33.903049534662095	0.0	0	2252	155.24935623187818	0.0	0	2086	125.24465216245261	0.0	0	1940	169.01099981751454	0.0	0	4286	273.5917496299601	0.0	0	2453	155.55868934893246	0.0	0	351	17.416685253147875	0.0	0	249	9.55988564245017	0.0	0	91	2.638922119264381	0.0	0	226	12.72681927857418	0.0	0	253	9.236551836006408	0.0	0	1261	73.56728644133092	0.0	0	488	16.90835175084653	0.0	0	2465	170.06207546787243	0.0
chr15:45003715-45008593	B2M	B2M	exon_1	0	115	10.664616646166461	0.0	0	160	20.34481344813448	0.0	0	89	10.85670356703567	0.0	0	131	15.972119721197211	0.0	0	157	18.920049200492006	0.0	0	96	11.255432554325543	0.0	0	259	34.07523575235752	0.0	0	66	6.4173841738417385	0.0	0	26	2.075440754407544	0.0	0	32	2.09840098400984	0.0	0	81	4.280852808528086	0.0	0	12	1.1422714227142272	0.0	0	52	2.865518655186552	0.0	0	50	5.164821648216482	0.0	0	180	13.70090200902009	0.0	0	19	1.3101681016810167	0.0	0	44	2.563550635506355	0.0	0	69	7.7605576055760555	0.0	0	62	6.823493234932349	0.0	0	45	3.4833948339483394	0.0	0	69	5.484624846248463	0.0	0	190	24.076055760557605	0.0	0	182	23.71238212382124	0.0	0	201	26.31631816318163	0.0	0	196	23.610086100861007	0.0	0	87	8.604141041410415	0.0	0	140	16.93911439114391	0.0	0	87	9.840713407134071	0.0	0	217	25.27408774087741	0.0	0	129	16.72140221402214	0.0	0	262	31.747232472324722	0.0	0	210	26.929889298892988	0.0	0	179	23.57318573185732	0.0	0	72	6.044280442804428	0.0	0	50	3.757072570725707	0.0	0	8	0.3245182451824518	0.0	0	63	6.722837228372284	0.0	0	24	2.075850758507585	0.0	0	114	12.067650676506766	0.0	0	50	3.6836818368183684	0.0	0	195	24.673636736367364	0.0
chr15:66679665-66782956	MAP2K1	MAP2K1,SNAPC5	exon_1,exon_4	0	79	0.9948010959328499	0.0	0	59	1.1015383721718253	0.0	0	51	0.8850045018443039	0.0	0	63	1.151252287227348	0.0	0	76	1.5261155376557494	0.0	0	66	1.2716790427045919	0.0	0	223	4.4807582461201845	0.0	0	54	0.5730412136584988	0.0	0	26	0.29001558703081587	0.0	0	71	0.7627479644886777	0.0	0	95	0.6021047332294198	0.0	0	51	0.4869156073617256	0.0	0	86	0.7891491030196242	0.0	0	70	0.7475965960248231	0.0	0	133	1.3135994423521895	0.0	0	19	0.17603663436311004	0.0	0	82	0.985313338044941	0.0	0	47	0.45953664888518847	0.0	0	52	0.8210105430289183	0.0	0	33	0.3533899371678075	0.0	0	63	0.5657414489161688	0.0	0	230	3.838224046625553	0.0	0	199	3.6400170392386557	0.0	0	270	4.8429969697263076	0.0	0	159	3.1994559061292853	0.0	0	79	1.200530539930875	0.0	0	114	2.016864973715038	0.0	0	60	0.9232556563495368	0.0	0	139	2.7927312156915898	0.0	0	149	3.0054506200927475	0.0	0	142	2.8337028395503965	0.0	0	325	6.4081865796632815	0.0	0	179	3.5256895566893536	0.0	0	89	0.9806372288001859	0.0	0	66	0.7843471357620703	0.0	0	14	0.1091769854101519	0.0	0	75	0.7402871498968933	0.0	0	84	0.6882690650685926	0.0	0	66	1.2753482878469566	0.0	0	68	0.8558538498029838	0.0	0	195	3.6931678461821456	0.0
chr16:11348603-11349358	SOCS1	SOCS1	exon_2	53	205	160.1456953642384	174.0	15	106	69.16158940397351	79.0	23	91	70.07152317880795	75.0	54	184	136.53377483443708	144.0	22	102	73.85562913907285	82.0	74	192	148.48741721854304	159.0	124	353	274.36026490066223	292.0	34	86	63.23841059602649	67.0	5	45	24.2158940397351	24.0	33	128	92.10331125827814	106.0	57	198	136.90463576158942	148.0	11	59	39.05827814569536	41.0	23	144	93.40397350993378	102.0	60	205	156.57880794701987	171.0	124	370	289.12847682119207	316.0	12	49	30.35364238410596	32.0	54	187	138.30728476821193	146.0	25	70	47.42384105960265	49.0	38	127	86.08741721854305	88.0	21	67	48.83046357615894	51.0	35	115	84.30993377483443	87.0	107	383	296.39470198675497	317.0	127	429	341.58675496688744	371.0	104	409	317.75761589403976	343.0	107	321	252.64900662251657	270.0	44	206	140.90463576158942	147.0	58	210	158.6225165562914	170.0	38	163	113.66225165562913	125.0	63	202	155.96291390728476	172.0	89	272	213.30331125827814	224.0	64	181	147.2	157.0	145	499	395.70198675496687	425.0	128	330	266.8927152317881	294.0	42	196	137.3271523178808	155.0	32	173	108.0569536423841	113.0	7	32	18.283443708609273	19.0	61	198	149.68476821192053	165.0	22	100	70.86490066225166	77.0	37	170	125.63576158940397	137.0	40	139	106.6794701986755	116.0	150	428	336.3774834437086	370.0
chr16:27325208-27375201	IL4R	IL4R	exon_1	0	54	2.215050107014982	0.0	0	39	1.5281739443522093	0.0	0	46	1.5410957534054768	0.0	0	51	2.3048026723741324	0.0	0	56	1.757986118056528	0.0	0	57	2.1964875082511552	0.0	0	127	6.391154761666633	0.0	0	28	1.0617086392094894	0.0	0	21	0.708799231892465	0.0	0	42	1.6684535835016903	0.0	0	54	1.5950033004620647	0.0	0	24	0.7422839197487648	0.0	0	54	1.6893565099113876	0.0	0	55	1.9248294761266578	0.0	0	89	3.4051367191406796	0.0	0	21	0.4556437901306183	0.0	0	57	2.250775108515192	0.0	0	23	0.846938571399996	0.0	0	49	1.4786070049806972	0.0	0	28	0.7082591562818794	0.0	0	36	1.2039685555977837	0.0	0	120	5.9870581881463405	0.0	0	112	6.336967175404556	0.0	0	132	6.564559038265357	0.0	0	105	5.235152921408997	0.0	0	73	2.960354449622947	0.0	0	53	2.83461684635849	0.0	0	41	1.5688396375492568	0.0	0	82	4.073170243834137	0.0	0	91	4.824075370551877	0.0	0	75	3.8952453343468085	0.0	0	186	8.654691656831956	0.0	0	94	5.1234372812193705	0.0	0	58	2.1911267577460842	0.0	0	41	1.4856279879183085	0.0	0	10	0.20448862840797713	0.0	0	49	1.565239133478687	0.0	0	42	1.5532774588442382	0.0	0	60	2.499229892184906	0.0	0	52	2.0443262056687934	0.0	0	115	5.822355129718161	0.0
chr16:3777621-3929934	CREBBP	CREBBP	exon_1	0	221	3.583955407614583	0.0	0	77	2.8168639577711687	0.0	0	79	2.542330595549953	0.0	0	99	3.1150131636826797	0.0	0	80	3.166276023714325	0.0	0	106	3.25621581874167	0.0	0	249	11.039497613467006	0.0	0	1511	2.3978977500279033	0.0	0	1909	1.9297630537117645	0.0	0	1152	3.796281341710819	0.0	0	1025	2.804783570673547	0.0	0	1910	2.630707818767932	0.0	0	1314	3.822575879931457	0.0	0	705	3.4459172887409477	0.0	0	197	5.611976653338848	0.0	0	1109	1.124913828760513	0.0	0	341	4.336346864679968	0.0	0	824	1.5345768253530558	0.0	0	935	2.9607124802216487	0.0	0	723	1.4963988628679101	0.0	0	1448	2.6887790273975303	0.0	0	239	10.149402874344277	0.0	0	244	9.956806050698233	0.0	0	273	11.98440710904519	0.0	0	192	7.956720700137217	0.0	0	150	4.466565559079002	0.0	0	133	4.805722426844721	0.0	0	268	3.018061491796498	0.0	0	179	6.251272051630524	0.0	0	185	7.837236480142864	0.0	0	151	6.284040101632822	0.0	0	367	16.83485322986219	0.0	0	223	9.212883995456725	0.0	0	432	3.8865362772711456	0.0	0	895	3.1240143651559618	0.0	0	149	0.6033168541096295	0.0	0	1116	3.362247477234379	0.0	0	861	3.2160354007865384	0.0	0	117	3.064262407017129	0.0	0	637	3.3403058176255476	0.0	0	266	10.379146888315509	0.0
chr16:85936588-85954919	IRF8	IRF8	exon_1	0	289	17.12956194424745	0.0	0	158	14.029130980306585	0.0	0	190	15.41639845071191	0.0	0	246	18.968796028585455	0.0	0	156	15.140199661775135	0.0	0	251	18.91920789918717	0.0	0	456	47.68474169439747	0.0	0	124	7.183296055861655	0.0	0	60	2.6490644263815395	0.0	0	278	9.29501936610114	0.0	0	203	8.423217500409143	0.0	0	113	3.597839725055916	0.0	0	221	8.01642027167094	0.0	0	308	11.482788718564182	0.0	0	404	24.857290927936283	0.0	0	68	2.2616332987834817	0.0	0	246	13.476242430854835	0.0	0	80	5.231629480115651	0.0	0	156	9.274834978997326	0.0	0	101	3.9877802629425565	0.0	0	194	7.014019966177513	0.0	0	420	41.11401451093776	0.0	0	463	45.1158692924554	0.0	0	476	45.6003491353445	0.0	0	367	36.48873492990017	0.0	0	278	18.56516283890677	0.0	0	242	20.82996017674977	0.0	0	191	12.452348480715727	0.0	0	287	31.783645191206155	0.0	0	291	30.835742730893024	0.0	0	293	30.560634989907808	0.0	0	646	61.91298892586329	0.0	0	393	37.752441219791606	0.0	0	388	15.603676831596749	0.0	0	166	7.124815885658174	0.0	0	49	1.409415743821941	0.0	0	258	11.51333806120779	0.0	0	192	8.297965195570345	0.0	0	241	23.36277344389286	0.0	0	184	10.562762533413343	0.0	0	526	45.61442365391959	0.0
chr17:40467756-40540617	STAT3	STAT3	exon_1	0	230	5.186176418111198	0.0	0	129	6.993796406856892	0.0	0	143	6.383867912875201	0.0	0	174	5.297264654616324	0.0	0	159	7.267811311950152	0.0	0	149	5.904544269224963	0.0	0	439	21.69367700141365	0.0	0	92	2.7075527374040984	0.0	0	41	1.3939418893509559	0.0	0	151	2.9376895732971	0.0	0	158	2.730047624929661	0.0	0	80	1.6970532932570237	0.0	0	159	2.990955380793566	0.0	0	168	3.2437518013752213	0.0	0	372	6.525740794114822	0.0	0	51	0.794073647081429	0.0	0	145	4.288096512537572	0.0	0	87	2.3839639862203374	0.0	0	135	3.7968460493268004	0.0	0	99	1.6091461824570072	0.0	0	172	3.149147005942823	0.0	0	421	18.25534922660957	0.0	0	375	17.47062214353358	0.0	0	417	20.383813013820838	0.0	0	401	16.89497810900207	0.0	0	214	5.933915263309589	0.0	0	229	9.14852939158123	0.0	0	145	4.918639601432865	0.0	0	277	13.250531834589149	0.0	0	302	14.14332770618026	0.0	0	248	14.436214161211073	0.0	0	536	29.453617161444395	0.0	0	328	17.04681516860872	0.0	0	237	4.432083007370198	0.0	0	166	3.113805739696134	0.0	0	47	0.4198405182470732	0.0	0	135	2.68685579390895	0.0	0	109	2.9172808498373617	0.0	0	191	7.220282455634702	0.0	0	149	4.015989349583453	0.0	0	424	17.105296386269746	0.0
chr17:62006574-62009647	CD79B	CD79B	exon_1	0	156	49.05271721444842	38.0	0	103	26.84868206963879	20.0	0	150	41.2873413602343	33.0	0	196	63.10575984380085	50.0	0	105	27.544093719492352	19.0	0	152	42.57630979498861	33.0	0	314	94.60429547673283	81.0	0	61	16.10868857793687	9.0	0	41	7.628050764725025	2.0	0	136	23.805076472502442	18.0	0	112	20.375203384315	14.0	0	35	6.65375854214123	4.0	0	136	29.68499837292548	21.0	0	86	25.69899121379759	22.0	0	222	71.89000976244712	53.0	0	20	3.8545395379108363	1.0	0	135	39.013342011064104	31.0	0	65	14.629027009437031	7.0	0	125	31.903351773511226	23.0	0	45	10.077774162056622	5.0	0	70	19.763097949886106	12.0	0	310	93.72925479986984	80.0	0	415	124.05141555483242	110.0	0	348	95.82297429222258	74.0	0	256	81.77774162056622	72.0	0	160	51.101529450048815	43.0	0	153	44.990237552879925	35.0	0	91	28.998047510575983	21.0	0	210	63.045232671656365	51.0	0	219	64.52066384640416	53.0	0	162	44.46306540839571	35.0	0	397	123.67100553205337	102.0	0	284	77.81776765375854	65.0	0	115	36.18906605922551	30.0	0	98	20.39375203384315	15.0	0	11	2.693133745525545	1.0	0	177	53.689554181581514	37.0	0	88	21.070940449072566	16.0	0	234	68.75170842824602	52.0	0	84	30.128213472177027	24.0	0	365	103.07224210868858	89.0
chr17:63010361-63052735	GNA13	GNA13	exon_1	0	237	3.95435880492755	0.0	0	142	4.680370038230991	0.0	0	179	4.802898003492708	0.0	0	215	4.883017888327748	0.0	0	157	5.20163307688677	0.0	0	226	4.7211969604002455	0.0	0	478	13.588757256808421	0.0	0	118	2.015386793788644	0.0	0	50	0.8460848633596073	0.0	0	129	1.5390805682729976	0.0	0	196	2.4645065370274226	0.0	0	56	0.640439892386841	0.0	0	194	2.3211167225185254	0.0	0	186	2.711686411478737	0.0	0	410	5.656369471845943	0.0	0	42	0.5512578467928446	0.0	0	213	2.619979232548261	0.0	0	100	1.984400811818568	0.0	0	133	2.449520932647378	0.0	0	76	1.2588379666776797	0.0	0	193	2.627059045641195	0.0	0	433	10.4820644734979	0.0	0	420	10.99912682305187	0.0	0	504	11.779133430877424	0.0	0	369	9.25338651059612	0.0	0	201	3.4929437862840422	0.0	0	232	5.749752206541747	0.0	0	166	3.850710341246991	0.0	0	251	8.58384858639732	0.0	0	299	7.683555954122811	0.0	0	321	10.478288573181668	0.0	0	583	15.446665408033228	0.0	0	367	9.721975739840468	0.0	0	205	3.0138764336621513	0.0	0	147	2.1115778543446453	0.0	0	39	0.3872893755604852	0.0	0	334	5.507221409354793	0.0	0	109	1.566715438712418	0.0	0	201	5.048661915325435	0.0	0	208	2.5216642280643793	0.0	0	460	11.36015009203757	0.0
chr17:7572907-7579926	TP53	TP53	exon_1	0	139	16.456902692691266	5.0	0	59	13.85325544949423	5.0	0	36	7.486109132355036	3.0	0	90	14.349622453340931	5.0	0	75	14.782447642114262	5.0	0	88	14.582704088901552	4.0	0	244	52.16312865080496	20.0	0	49	7.097307308733438	2.0	0	46	3.7784584698675023	0.0	0	169	13.194757087904259	2.0	0	93	8.047585126086338	1.0	0	62	5.7878615187348625	1.0	0	174	11.98888730588403	2.0	0	99	10.187206154722896	1.0	0	152	21.111269411597092	4.0	0	17	1.8425701666904117	0.0	0	149	19.33509046872774	5.0	0	31	4.6832882176948285	1.0	0	84	10.12865080495797	3.0	0	47	4.356888445647528	1.0	0	59	7.029776321413307	2.0	0	218	49.277247471149735	18.0	0	240	51.17210428836017	15.0	0	264	52.322838011112694	19.0	0	184	39.191195326969655	13.0	0	157	22.585838438524007	6.0	0	110	23.308163556062116	8.0	0	90	14.241344920928908	5.0	0	140	31.68471292206867	15.0	0	187	38.35190198033908	15.0	0	147	27.948425701666903	11.0	0	312	76.22610058412879	31.0	0	201	42.60606924063257	17.0	0	156	15.959680866220259	4.0	0	107	10.692121384812651	2.0	0	34	2.0280666761646957	0.0	0	78	10.701239492805243	3.0	0	121	11.954266989599658	3.0	0	100	17.839578287505343	6.0	0	124	14.189485681721044	3.0	0	243	48.89628152158427	16.0
chr18:60744549-60990570	BCL2	BCL2	exon_1	0	723	54.84609037439893	0.0	0	1208	149.32050109543493	0.0	0	818	108.82580755301376	0.0	0	1082	93.8620158441759	0.0	0	1606	161.16425427097687	0.0	0	1219	118.83158348271083	0.0	0	3604	388.617906601469	0.0	0	386	17.11336837099272	0.0	0	296	7.4740489632998806	0.0	0	1059	27.33147576832872	0.0	0	877	15.496847830063288	0.0	0	902	7.892033606887217	0.0	0	1172	25.27069233927185	0.0	0	771	35.67149552273993	0.0	0	1673	100.00841391588523	0.0	0	223	4.385316700606859	0.0	0	949	48.40524995833689	0.0	0	308	12.651643558883185	0.0	0	668	20.423650826555455	0.0	0	315	8.159994472016617	0.0	0	1088	19.48087764865601	0.0	0	2740	329.754317720845	0.0	0	4418	341.1041984220859	0.0	0	6830	426.8017120489714	0.0	0	2795	310.2975233821503	0.0	0	1541	110.73449420984387	0.0	0	1682	210.8348718198853	0.0	0	1172	70.87575450876145	0.0	0	2135	297.8930741684653	0.0	0	4256	265.91691766150046	0.0	0	1687	182.54530304323615	0.0	0	6201	564.1189695188622	0.0	0	2589	319.6200568244174	0.0	0	1475	40.74908239540527	0.0	0	850	25.772478772137337	0.0	0	352	7.83643266225241	0.0	0	1113	50.20542961779685	0.0	0	1423	24.479170477316977	0.0	0	1400	122.76415021481905	0.0	0	1923	41.96821816023835	0.0	0	4746	355.9273273419749	0.0
chr19:10334510-10335590	S1PR2	S1PR2	exon_2	23	109	78.52222222222223	83.0	22	50	38.05925925925926	39.0	25	63	43.84074074074074	45.0	19	73	53.03703703703704	57.0	18	49	35.475	34.0	22	81	57.887962962962966	57.0	72	190	156.86296296296297	165.0	4	59	36.272222222222226	36.0	1	33	15.665740740740741	16.0	12	196	75.10277777777777	65.0	18	91	58.88055555555555	59.0	3	59	29.79074074074074	32.0	8	184	74.89166666666667	61.0	9	111	55.193518518518516	53.0	26	156	107.0037037037037	110.0	0	29	11.691666666666666	10.0	29	131	82.85555555555555	82.0	8	40	24.27777777777778	24.0	12	83	50.492592592592594	54.0	6	37	24.255555555555556	25.0	6	93	40.53703703703704	40.0	81	184	144.49166666666667	146.0	80	185	151.7861111111111	156.0	69	202	162.71574074074073	164.0	53	155	126.1537037037037	130.0	29	119	83.04537037037036	85.0	35	94	71.71296296296296	74.0	6	111	63.12592592592593	64.0	42	99	77.0324074074074	79.0	55	128	104.26944444444445	108.0	18	77	54.57592592592592	57.0	105	281	227.51574074074074	232.0	68	176	136.91296296296295	140.0	10	193	85.80740740740741	80.0	7	138	60.224074074074075	55.0	0	26	11.010185185185184	10.0	12	113	65.06018518518519	65.0	11	129	63.34722222222222	59.0	22	93	69.4462962962963	72.0	17	141	76.28055555555555	74.0	60	188	157.5888888888889	163.0
chr19:11094763-11172535	SMARCA4	SMARCA4	exon_1	0	180	11.239379211027105	0.0	0	98	5.984390268991411	0.0	0	92	6.897688113974181	0.0	0	124	9.243853829141594	0.0	0	102	7.219050558041454	0.0	0	128	9.465115980044231	0.0	0	316	28.039435786658437	0.0	0	98	4.44561024533251	0.0	0	60	2.1701640693308644	0.0	0	280	11.85602787635653	0.0	0	124	6.33766651236949	0.0	0	120	4.4828087229337035	0.0	0	235	10.679241886540144	0.0	0	199	10.03597695828833	0.0	0	246	17.573214010183612	0.0	0	46	1.31182173532891	0.0	0	232	15.447230365684309	0.0	0	49	2.556074165509438	0.0	0	142	6.853996296867767	0.0	0	76	3.161073394023556	0.0	0	131	5.8283701074937	0.0	0	324	27.566643522090214	0.0	0	321	29.661960602787637	0.0	0	351	30.101347528673557	0.0	0	276	20.526474823844058	0.0	0	243	16.383004166023763	0.0	0	172	12.651545543383223	0.0	0	144	9.0590443861544	0.0	0	160	13.764079617343002	0.0	0	236	20.51852851926143	0.0	0	142	9.911394846474309	0.0	0	462	42.643984981741504	0.0	0	279	24.218999125649333	0.0	0	265	11.823214010183614	0.0	0	179	8.77666769531451	0.0	0	48	1.7387620223216582	0.0	0	200	9.8164249344237	0.0	0	186	9.651854137735945	0.0	0	133	9.35521781618063	0.0	0	203	11.993300930926297	0.0	0	337	29.452412179190453	0.0
chr19:1611657-1650271	TCF3	TCF3	exon_1	0	74	4.881390169368623	0.0	0	31	1.7491065416688247	0.0	0	36	2.293857150256384	0.0	0	45	3.527062723364583	0.0	0	33	2.1255762158802507	0.0	0	57	3.703760294193816	0.0	0	100	8.914461076293572	0.0	0	56	2.4186305485057233	0.0	0	37	1.5525198114673435	0.0	0	164	7.034029108613456	0.0	0	82	4.808359662298648	0.0	0	122	3.1515512508416634	0.0	0	187	6.60804371471487	0.0	0	159	7.217097425804113	0.0	0	100	6.947687367276117	0.0	0	28	0.9782462319366033	0.0	0	111	6.1674004247164245	0.0	0	33	1.510825089345833	0.0	0	113	4.58388149375874	0.0	0	39	2.035323975760087	0.0	0	68	3.6929611021909152	0.0	0	102	9.418319780390531	0.0	0	134	9.612679339099808	0.0	0	126	10.383461956803233	0.0	0	71	6.029833739058373	0.0	0	77	5.99098772465945	0.0	0	65	3.9851349251566788	0.0	0	64	3.749443207126949	0.0	0	59	4.334075723830735	0.0	0	82	6.648909721862537	0.0	0	40	2.932045372144818	0.0	0	190	14.630548505723313	0.0	0	101	7.516910964934998	0.0	0	113	5.85106438079453	0.0	0	170	5.185243693996996	0.0	0	34	1.0461231677629874	0.0	0	109	5.185865230227379	0.0	0	117	5.182524472989071	0.0	0	64	3.4455378878127103	0.0	0	138	5.032527062723364	0.0	0	126	10.164499922307972	0.0
chr19:19256598-19261577	MEF2B	BORCS8-MEF2B,MEF2B	exon_3,exon_4	0	144	28.178951596706167	9.0	0	59	13.239204659570195	5.0	0	63	16.565575416750352	6.0	0	104	25.459730869652542	10.0	0	71	16.784695722032538	8.0	0	109	23.02008435428801	6.0	0	242	67.5115485037156	22.0	0	60	11.470174733882306	3.0	0	38	6.175537256477204	0.0	0	143	25.909620405703958	5.0	0	87	16.945973086965253	4.0	0	61	9.77204257883109	1.0	0	145	27.473589074111267	7.0	0	115	22.87326772444266	6.0	0	188	43.092990560353485	13.0	0	21	3.620004016870858	0.0	0	140	32.3773850170717	9.0	0	38	6.627033540871661	1.0	0	97	17.778670415746134	4.0	0	37	7.030528218517775	1.0	0	79	13.18819039967865	3.0	0	240	65.50793331994376	27.0	0	268	75.70455914842337	36.0	0	243	69.56678047800763	31.0	0	213	56.35810403695521	23.0	0	173	37.16489254870456	12.0	0	119	27.10544286001205	11.0	0	102	21.072906206065475	8.0	0	121	35.28178349066078	18.0	0	161	46.07250451897971	23.0	0	94	24.723036754368348	11.0	0	360	99.9041976300462	46.0	0	210	55.44145410725045	27.0	0	138	27.856999397469373	8.0	0	112	20.390239003816028	4.0	0	23	3.56196023297851	1.0	0	115	22.762201245229967	5.0	0	121	21.68728660373569	6.0	0	116	27.973488652339828	6.0	0	109	23.743121108656357	8.0	0	265	70.48704559148423	26.0
chr19:50138815-50143399	RRAS	RRAS	exon_1	0	57	10.711823734729494	0.0	0	27	5.526396160558464	0.0	0	36	6.235383944153577	0.0	0	52	8.777923211169284	0.0	0	32	6.1618673647469455	0.0	0	46	7.4570244328097735	0.0	0	93	20.472949389179757	0.0	0	61	6.466186736474695	0.0	0	25	3.212696335078534	0.0	0	80	11.31435427574171	0.0	0	65	8.230802792321118	0.0	0	34	4.822862129144852	0.0	0	65	9.213132635253054	0.0	0	66	9.676265270506109	0.0	0	83	15.118455497382199	0.0	0	22	1.2382198952879582	0.0	0	83	13.231239092495636	0.0	0	30	3.8765270506108203	0.0	0	57	9.695680628272251	0.0	0	30	3.5397033158813263	0.0	0	67	6.969458987783595	0.0	0	139	24.704842931937172	0.0	0	107	20.898778359511343	1.0	0	118	25.535776614310645	0.0	0	91	18.215095986038396	0.0	0	90	16.289048865619545	0.0	0	53	10.349476439790577	0.0	0	50	8.883944153577662	0.0	0	45	10.67997382198953	1.0	0	83	16.784904013961604	1.0	0	40	8.447643979057592	1.0	0	153	32.91732111692845	2.0	0	87	19.076570680628272	1.0	0	72	11.515924956369982	0.0	0	70	9.595113438045376	0.0	0	10	1.3721640488656195	0.0	0	47	7.227094240837697	0.0	0	70	10.833115183246074	0.0	0	43	8.619982547993018	0.0	0	59	9.357766143106458	0.0	0	106	23.729057591623036	1.0
chr19:56166434-56185487	U2AF2	U2AF2	exon_1	0	145	11.95202855193408	0.0	0	62	7.195087387812943	0.0	0	81	6.58678423345405	0.0	0	107	8.932871463811473	0.0	0	64	5.882485697790374	0.0	0	99	9.537868052275233	0.0	0	200	25.097412480974125	0.0	0	91	4.432950191570881	0.0	0	40	2.03873405762872	0.0	0	209	10.691072272083137	0.0	0	170	7.364247100194195	0.0	0	99	4.0205217026190105	0.0	0	218	10.006875557654963	0.0	0	173	9.318112633181126	0.0	0	206	17.405447960951033	0.0	0	42	1.6136566419986353	0.0	0	142	12.440560541646985	0.0	0	81	3.8905684144229253	0.0	0	160	8.99653597858605	0.0	0	85	3.3345404923109223	0.0	0	145	6.856872933396316	0.0	0	236	27.047446596336535	0.0	0	236	27.133522279955912	0.0	0	261	29.83808324148428	0.0	0	166	20.051435469479873	0.0	0	176	14.412218548260116	0.0	0	125	13.026872408544586	0.0	0	160	8.94273867632394	0.0	0	129	15.709022201228153	0.0	0	156	18.95281582952816	0.0	0	93	9.778984936755366	0.0	0	369	40.687135884112735	0.0	0	191	21.51713640896447	0.0	0	266	13.137301212407495	0.0	0	130	8.059728126804178	0.0	0	37	1.6662992704560962	0.0	0	146	8.160237232981682	0.0	0	166	8.862278906208996	0.0	0	130	11.874717892195454	0.0	0	128	9.36408964467538	0.0	0	248	27.034902640004198	0.0
chr1:117057379-117113619	CD58	CD58	exon_1	0	122	1.7207147937411096	0.0	0	119	2.5549075391180653	0.0	0	96	1.9589438122332858	0.0	0	95	1.987713371266003	0.0	0	143	3.152933854907539	0.0	0	109	2.4873577524893316	0.0	0	308	8.289935988620199	0.0	0	56	0.8892425320056899	0.0	0	30	0.35942389758179233	0.0	0	91	0.8102773826458037	0.0	0	159	0.9621443812233286	0.0	0	47	0.41239331436699855	0.0	0	95	0.6655938833570413	0.0	0	143	1.2153805120910384	0.0	0	186	2.4139224751066855	0.0	0	35	0.18051209103840682	0.0	0	117	1.1383001422475107	0.0	0	42	0.7371977240398293	0.0	0	73	1.1302275960170698	0.0	0	51	0.5718349928876245	0.0	0	80	0.8393847795163585	0.0	0	254	5.882076813655761	0.0	0	245	5.991091749644381	0.0	0	337	7.568990042674253	0.0	0	225	5.409441678520626	0.0	0	98	1.8450035561877667	0.0	0	135	3.3315611664295877	0.0	0	80	1.632983641536273	0.0	0	236	5.448737553342816	0.0	0	210	4.783197012802276	0.0	0	268	6.6791251778093885	0.0	0	457	9.682236842105263	0.0	0	245	6.120928165007112	0.0	0	121	1.423719772403983	0.0	0	85	0.8323435277382646	0.0	0	13	0.11235775248933144	0.0	0	148	1.330636557610242	0.0	0	76	0.7293563300142247	0.0	0	96	2.262908961593172	0.0	0	65	1.13575746799431	0.0	0	244	6.090273826458037	0.0
chr1:120457903-120612206	NOTCH2	NOTCH2	exon_1	0	315	4.629793328710394	0.0	0	358	6.854144119038515	0.0	0	301	5.270014192854319	0.0	0	342	6.039804799647447	0.0	0	350	7.673279197423252	0.0	0	272	5.800580675683558	0.0	0	585	21.890527079836424	0.0	0	199	1.9849711282347071	0.0	0	104	0.8892827748002308	0.0	0	302	2.0710420406602594	0.0	0	300	2.287888116238829	0.0	0	152	1.070763368178195	0.0	0	359	1.9711606384840217	0.0	0	384	3.192523800574195	0.0	0	689	7.716116990596424	0.0	0	73	0.44181253766939077	0.0	0	346	3.9789764294926218	0.0	0	94	1.3937447748909613	0.0	0	251	2.6270973344653052	0.0	0	154	1.2245257707238355	0.0	0	402	3.038981743712047	0.0	0	879	20.064042824831663	0.0	0	734	16.549431961789466	0.0	0	851	24.00252749460477	0.0	0	488	15.926560079842906	0.0	0	339	6.237662261913249	0.0	0	330	9.919671036856055	0.0	0	170	4.103510625198473	0.0	0	494	15.53523262671497	0.0	0	531	15.694886035916346	0.0	0	652	16.75437937045942	0.0	0	1181	34.635852835006446	0.0	0	688	17.69878096990985	0.0	0	383	4.1084424800554755	0.0	0	400	2.6838752324971	0.0	0	73	0.3240896158856276	0.0	0	391	3.2296326059765526	0.0	0	147	1.8304634388184287	0.0	0	257	6.080698366201564	0.0	0	470	3.501610467716117	0.0	0	815	19.510832582645833	0.0
chr1:150705511-150737296	CTSS	CTSS	exon_2	0	41	1.7121912851974201	0.0	0	85	3.0924649992134654	0.0	0	70	2.497813434009753	0.0	0	53	2.1178857951864085	0.0	0	81	3.331288343558282	0.0	0	65	2.1833569293691992	0.0	0	181	8.974516281264748	0.0	0	34	1.2759163127261286	0.0	0	20	0.5767500393267264	0.0	0	91	1.328739971684757	0.0	0	34	1.0371558911436212	0.0	0	37	0.8900739342457133	0.0	0	86	1.3744848198835928	0.0	0	46	1.7183891772848827	0.0	0	42	1.6646216768916156	0.0	0	13	0.30747207802422527	0.0	0	32	1.4257354097844896	0.0	0	50	1.0104766399244927	0.0	0	46	1.7834198521315086	0.0	0	20	0.5690420009438414	0.0	0	30	1.1402862985685072	0.0	0	145	6.967657700173038	0.0	0	140	6.819663363221645	0.0	0	186	8.338115463268837	0.0	0	117	5.851596665093598	0.0	0	58	2.2938807613654237	0.0	0	109	4.872990404278748	0.0	0	44	2.0257354097844895	0.0	0	123	5.7293691993078495	0.0	0	127	5.369734151329244	0.0	0	155	6.736385087305333	0.0	0	308	12.618341985213151	0.0	0	145	7.128299512348592	0.0	0	37	1.4506842850401132	0.0	0	47	1.3392480729904044	0.0	0	4	0.17168475696083058	0.0	0	51	2.1593833569293692	0.0	0	43	1.1507000157306906	0.0	0	59	2.6447695453830424	0.0	0	44	1.3529337737926694	0.0	0	143	6.560421582507472	0.0
chr1:16174544-16265976	SPEN	SPEN	exon_1	0	210	13.17012643275877	0.0	0	174	15.563949164406335	0.0	0	154	12.35688817919328	0.0	0	199	14.028972351036836	0.0	0	216	16.66274389710386	0.0	0	212	15.774827193980226	0.0	0	557	51.12813894478957	0.0	0	58	4.136669874879692	0.0	0	43	2.4532001924927815	0.0	0	263	6.796690436608627	0.0	0	149	4.920487356724123	0.0	0	74	2.7931140082246917	0.0	0	183	6.244258027823957	0.0	0	171	7.830190742847143	0.0	0	419	19.52981450695599	0.0	0	34	1.3473619739259777	0.0	0	261	11.71629188905416	0.0	0	75	3.938435121182956	0.0	0	134	7.232872517280602	0.0	0	56	3.1199908128445184	0.0	0	101	5.6143254002974885	0.0	0	635	44.5985869279902	0.0	0	516	44.45805626039024	0.0	0	610	51.415828156444135	0.0	0	436	37.37819363023887	0.0	0	406	17.06662875142182	0.0	0	296	21.723619739259778	0.0	0	185	11.891493131507568	0.0	0	401	31.333209379648263	0.0	0	413	33.82848455682912	0.0	0	365	32.70127526467758	0.0	0	688	58.800748096946364	0.0	0	465	39.21752778020824	0.0	0	198	10.602283664362586	0.0	0	154	6.626870242365912	0.0	0	36	1.0639054160468981	0.0	0	135	8.292621839181031	0.0	0	188	6.7911890804094845	0.0	0	259	17.31498818794295	0.0	0	198	9.573081634438708	0.0	0	579	45.24655481669437	0.0
chr1:203274685-203276579	BTG2	BTG2	exon_1	0	297	83.96990496304119	4.0	0	182	51.52375923970433	7.0	0	179	54.035374868004226	8.0	0	239	70.13991552270328	9.0	0	146	41.80359028511088	8.0	0	176	55.91129883843717	9.0	0	464	135.82787750791974	33.5	0	94	25.078141499472018	1.0	0	37	7.865364308342133	0.0	0	138	35.9519535374868	1.0	0	194	41.140443505807816	1.0	0	48	9.494720168954593	0.0	0	117	31.15205913410771	1.0	0	171	46.01742344244984	1.0	0	383	103.85427666314678	6.0	0	35	7.164202745512144	1.0	0	174	47.899155227032736	5.0	0	101	25.23389651531151	0.0	0	127	35.68585005279831	3.0	0	79	19.39598732840549	0.0	0	153	35.37645195353749	0.0	0	426	128.71752903907074	30.0	0	484	143.0285110876452	24.0	0	462	135.039070749736	32.0	0	426	122.76979936642027	27.0	0	321	74.7286166842661	6.0	0	327	86.31626187961986	13.0	0	143	40.759767687434	2.0	0	328	92.88384371700106	20.0	0	331	95.2455121436114	18.0	0	291	80.4831045406547	16.0	0	574	165.35797254487858	37.5	0	442	132.35902851108764	31.0	0	198	55.50950369588173	2.0	0	118	32.51372756071806	2.0	0	34	6.966209081309398	0.0	0	215	47.734424498416054	1.0	0	128	32.434002111932415	0.0	0	280	73.00211193241816	5.0	0	130	34.27455121436114	2.0	0	466	138.62038014783528	27.5
chr1:226822495-226925326	ITPKB	ITPKB	exon_2	0	95	1.9072069706605985	0.0	0	66	1.2649395610273166	0.0	0	53	1.1598739679668582	0.0	0	69	1.5608619968686486	0.0	0	47	1.0185936147659753	0.0	0	67	1.455563011154224	0.0	0	161	3.5029125458276202	0.0	0	41	0.7674533944044111	0.0	0	26	0.40714376015014925	0.0	0	51	0.8736276025712091	0.0	0	69	1.0628312473864885	0.0	0	29	0.4043624976903852	0.0	0	51	0.9543620114556894	0.0	0	64	1.1175715494354814	0.0	0	110	2.371016522254962	0.0	0	32	0.2599994165183651	0.0	0	72	1.3635674067158736	0.0	0	34	0.6544135523334403	0.0	0	53	1.0297672880746078	0.0	0	32	0.5445439604788439	0.0	0	60	1.053573338779162	0.0	0	153	3.3658527097859596	0.0	0	153	3.499256060915483	0.0	0	182	3.959253532495065	0.0	0	135	2.7877099318298955	0.0	0	80	1.478736956754286	0.0	0	86	1.7224183368828465	0.0	0	65	1.1784773074267487	0.0	0	110	2.5785025916309285	0.0	0	130	2.662971282978868	0.0	0	92	2.011971098209684	0.0	0	214	4.974414330308954	0.0	0	163	3.639943207787535	0.0	0	77	1.4164211181453064	0.0	0	48	0.8446188406219914	0.0	0	11	0.11331213350059807	0.0	0	80	1.2539798309848198	0.0	0	47	0.7886435024457605	0.0	0	79	1.667804455854752	0.0	0	39	0.9448998842761424	0.0	0	174	3.8253542219758634	0.0
chr1:2488077-2494769	TNFRSF14	TNFRSF14	exon_1	0	216	53.315301852958754	27.0	0	80	20.37104004781829	12.0	0	83	26.350717274357443	15.0	0	135	36.1678123132098	19.0	0	82	21.50806933652122	13.0	0	157	45.498206814106396	30.0	0	299	97.20038852361029	63.0	0	68	13.714136282127914	5.0	0	40	8.551255230125523	2.0	0	227	42.94889420203228	14.0	0	116	24.589808726838015	10.0	0	83	14.388673042438732	5.0	0	160	30.88777644949193	12.0	0	171	38.282277346084875	12.0	0	266	76.69321578003586	44.0	0	39	6.297818290496115	1.0	0	219	54.94994022713688	29.0	0	56	12.484757919904363	5.0	0	139	28.219366407650927	11.0	0	72	13.059324566646742	5.0	0	114	22.542887029288703	9.0	0	342	103.60385534967125	65.0	0	407	120.98580394500897	79.0	0	425	128.10684399282727	85.0	0	220	66.14898386132695	46.0	0	189	48.60579796772265	26.0	0	164	48.119844590555886	29.0	0	145	36.709802749551706	19.0	0	182	56.51703526598924	37.0	0	284	83.98072325164375	56.0	0	139	41.458906156604904	28.0	0	573	173.30558876270175	117.0	0	292	92.74118350268978	62.0	0	150	35.17722653915123	18.0	0	142	30.994471010161387	12.0	0	52	7.465032875074716	2.0	0	120	25.11685594739988	10.0	0	153	31.813060370591753	12.0	0	50	13.661835026897789	9.0	0	143	37.536162582187686	21.0	0	408	123.49596533173938	79.0
chr1:27022811-27107289	ARID1A	ARID1A	exon_1	0	279	10.429969933000308	0.0	0	173	10.11173323232084	0.0	0	154	7.795579914297213	0.0	0	197	10.493572291010677	0.0	0	173	10.414439262293142	0.0	0	224	11.282890219938919	0.0	0	450	33.91754066147399	0.0	0	118	3.2367953786784724	0.0	0	95	2.2297521248135608	0.0	0	214	5.84903761926182	0.0	0	248	5.722815407561732	0.0	0	95	2.574753190179692	0.0	0	160	4.434598356968678	0.0	0	224	7.015353109685362	0.0	0	393	16.330192476147637	0.0	0	87	1.4247496389592558	0.0	0	228	10.137302019460687	0.0	0	112	3.165782807358129	0.0	0	153	5.99905300788371	0.0	0	83	2.7186723170529605	0.0	0	207	5.231764483060679	0.0	0	548	31.872061365089134	0.0	0	500	29.73332702005256	0.0	0	572	36.69493832713842	0.0	0	406	26.531357276450674	0.0	0	299	12.43199412864888	0.0	0	244	15.662551196761287	0.0	0	209	8.068041383555482	0.0	0	335	21.668955230947702	0.0	0	387	23.462132152749827	0.0	0	276	20.835756054830842	0.0	0	618	40.93700134946376	0.0	0	374	24.62244608063638	0.0	0	237	9.135455384833921	0.0	0	227	6.162858969199082	0.0	0	48	1.0115059542129312	0.0	0	149	4.503906342479699	0.0	0	137	5.309559885413954	0.0	0	234	12.785743033689245	0.0	0	220	7.673240370273917	0.0	0	499	31.42353038660953	0.0
chr1:39305180-39325339	RRAGC	RRAGC	exon_1	0	138	6.299221191527358	0.0	0	143	10.08150205863386	0.0	0	99	7.0548638325313755	0.0	0	126	7.9892355771615655	0.0	0	161	9.932486730492585	0.0	0	142	8.145294905501265	0.0	0	435	26.25899102138003	0.0	0	70	3.0157745919936505	0.0	0	37	1.2567091621608215	0.0	0	102	2.9957835210079864	0.0	0	128	3.3489260379979164	0.0	0	53	1.565008184929808	0.0	0	111	3.1269904261124064	0.0	0	162	4.64378193362766	0.0	0	283	9.883525968550027	0.0	0	43	0.892802222332457	0.0	0	150	5.131802172726822	0.0	0	51	2.30318964234337	0.0	0	68	3.440994096929411	0.0	0	56	1.7694826132248624	0.0	0	93	3.410635448186914	0.0	0	429	19.667642244158937	0.0	0	356	20.354928319857137	0.0	0	538	24.0317972121633	0.0	0	370	19.026737437372887	0.0	0	206	6.9817451262463415	0.0	0	248	11.855399573391537	0.0	0	82	5.82504092464904	0.0	0	330	17.82246143161863	0.0	0	344	14.748301006994394	0.0	0	314	22.229277245895133	0.0	0	692	27.61580435537477	0.0	0	420	18.80311523389057	0.0	0	113	4.771218810456868	0.0	0	122	3.6961158787638277	0.0	0	28	0.4972468872463912	0.0	0	131	4.79378937447294	0.0	0	88	3.0333349868545065	0.0	0	164	8.818939431519421	0.0	0	123	4.490252492683169	0.0	0	390	20.602807678952328	0.0
chr22:22123491-22221723	MAPK1	MAPK1	exon_1	0	94	0.728937617069794	0.0	0	75	0.8486440263865136	0.0	0	38	0.6162044954800879	0.0	0	54	0.677101148301979	0.0	0	61	0.9214817981920351	0.0	0	72	0.783461601107582	0.0	0	148	2.759630263050737	0.0	0	61	0.4778788989331379	0.0	0	30	0.24800472351168662	0.0	0	55	0.6509996742405734	0.0	0	127	0.5440284225099764	0.0	0	44	0.5156262724977604	0.0	0	69	0.6162553953905041	0.0	0	113	0.7052895186904471	0.0	0	151	0.7988537340174281	0.0	0	32	0.12419578141542471	0.0	0	100	0.5600109943806499	0.0	0	37	0.3579179900643375	0.0	0	69	0.6829342780356706	0.0	0	34	0.22535426337649644	0.0	0	113	0.5403025490675136	0.0	0	122	2.0165628308494177	0.0	0	129	2.296960257349947	0.0	0	126	2.415801368189592	0.0	0	142	1.9425034611939083	0.0	0	59	0.6697715612020523	0.0	0	65	1.0653860249205962	0.0	0	57	0.6366662594673833	0.0	0	119	1.769474305725222	0.0	0	97	1.4967729456796155	0.0	0	116	2.061904471048131	0.0	0	220	3.393038928251486	0.0	0	137	2.143242527893151	0.0	0	91	0.5534449059369656	0.0	0	75	0.6594897792979885	0.0	0	13	0.09122281944783778	0.0	0	99	0.7131382848766186	0.0	0	37	0.5384599723104487	0.0	0	63	0.8748778402150013	0.0	0	83	0.6697410212558026	0.0	0	129	1.9919781741184135	0.0
chr22:29191141-29196518	XBP1	XBP1	exon_1	0	164	22.323786498047237	1.0	0	161	32.414543425702064	5.0	0	124	21.440022317277293	3.0	0	119	24.316161428305747	4.0	0	166	33.235819230053934	5.0	0	132	28.54416961130742	4.0	0	422	92.39464385344988	22.0	0	81	9.805467732936581	1.0	0	42	5.487074576901618	0.0	0	145	9.590477961688674	1.0	0	169	12.030314301655197	0.0	0	67	4.436488748372699	0.0	0	134	9.063976194904221	1.0	0	188	16.597917054119396	0.0	0	240	30.041844894922818	2.0	0	49	3.142272642737586	0.0	0	154	15.082759903291798	1.0	0	65	8.921889529477404	0.0	0	110	12.563325274316533	1.0	0	69	7.334573182071788	0.0	0	145	14.317277292170354	1.0	0	372	71.62860331039613	14.0	0	287	64.39780546773294	15.0	0	428	83.48409893992932	15.0	0	334	66.200483541008	12.0	0	164	20.43927840803422	3.0	0	202	39.89696856983448	8.0	0	123	18.40338478705598	3.0	0	296	58.41100985679747	15.0	0	261	58.11344615956853	12.0	0	293	64.29124046866282	12.0	0	542	127.70875953133718	23.0	0	340	70.27617630649061	16.0	0	171	16.61409708015622	1.0	0	155	11.615398921331597	1.0	0	37	1.9540636042402826	0.0	0	182	17.095778315045564	1.0	0	100	8.851962060628603	1.0	0	135	27.12627859401153	5.0	0	122	13.383113260182258	1.0	0	349	75.21666356704482	11.0
chr22:41488995-41575002	EP300	EP300	exon_1	0	82	3.6043229039496785	0.0	0	68	4.414059320752962	0.0	0	56	3.30684711709512	0.0	0	77	3.886567372423175	0.0	0	64	4.864778448265839	0.0	0	70	3.861976350762147	0.0	0	193	15.041078051786483	0.0	0	32	1.7533572848721615	0.0	0	35	0.9568174683455998	0.0	0	126	2.4673573081260827	0.0	0	42	1.8097712976850722	0.0	0	55	1.2638389898496634	0.0	0	97	2.4406618065971375	0.0	0	85	2.7922262141453604	0.0	0	153	5.3259618403153235	0.0	0	18	0.409269012987315	0.0	0	106	4.1276756543072075	0.0	0	41	1.3009057402304463	0.0	0	66	2.71677886683642	0.0	0	26	1.1222342367481717	0.0	0	38	2.1283732719429813	0.0	0	178	12.129477833199623	0.0	0	179	12.152278302928831	0.0	0	205	14.177799481437557	0.0	0	173	10.973513783761787	0.0	0	123	4.677189066006255	0.0	0	116	6.217784598927994	0.0	0	68	3.269478065738835	0.0	0	127	8.904496145662563	0.0	0	156	9.646633413559362	0.0	0	112	10.228155847779831	0.0	0	290	22.02674200937133	0.0	0	182	12.69343192995919	0.0	0	84	3.1374074203262525	0.0	0	93	2.5290615880102782	0.0	0	20	0.34830885858127825	0.0	0	67	2.714627879126118	0.0	0	75	2.33164742404688	0.0	0	74	4.648017021870313	0.0	0	88	3.372004604276396	0.0	0	206	12.43303452044601	0.0
chr3:101568436-101578248	NFKBIZ_1	NFKBIZ	exon_1	0	210	23.662046473705665	12.0	0	643	39.839482266612315	24.0	0	465	28.86669384427232	16.0	0	414	32.491235222176925	17.0	0	721	45.57174887892376	28.0	0	493	35.74714635140644	18.0	0	1370	117.42977986139421	71.0	0	84	11.377904606604158	3.0	0	37	5.287097431716266	1.0	0	70	6.532918874847126	2.0	0	181	12.74031797798614	3.0	0	31	3.457501019160212	0.0	0	73	6.641153689359967	2.0	0	139	14.361903791275989	5.0	0	291	32.198634325315936	14.0	0	40	2.652568283734203	0.0	0	101	12.64176518548716	4.0	0	74	9.800754178556868	3.0	0	77	14.2498980839788	5.0	0	60	7.521911944557685	3.0	0	160	16.02303302079087	5.0	0	985	91.26151651039544	49.0	0	1079	83.55707297187118	47.0	0	1128	110.49123522217693	62.0	0	1181	101.24867509172442	50.0	0	291	22.29443538524256	11.0	0	773	56.79372197309417	32.0	0	245	23.14023644516918	12.0	0	943	81.40807174887892	50.0	0	663	69.49235629841012	36.0	0	1380	100.64472075010191	67.0	0	1266	151.44527109661638	66.0	0	890	80.30330207908683	51.0	0	141	18.13748471259682	6.0	0	109	10.754280472890338	4.0	0	24	1.6025275173257236	0.0	0	149	16.912046473705665	6.0	0	63	7.5135548308194045	2.0	0	540	39.49041989400734	21.0	0	109	11.797492865878516	4.0	0	1034	93.99898083978802	49.0
chr3:101578208-101579888	NFKBIZ_2	NFKBIZ	exon_3	113	383	230.8720238095238	220.5	464	877	765.5714285714286	785.0	284	739	551.3184523809524	547.0	258	692	463.4505952380952	433.0	438	1160	883.9613095238095	849.0	296	773	555.5095238095238	525.0	1008	2575	1869.2559523809523	1758.5	22	224	79.8404761904762	66.0	3	69	21.427380952380954	16.0	17	859	156.51785714285714	64.0	9	109	50.30416666666667	46.0	6	609	65.20654761904763	20.0	14	680	102.88214285714285	37.0	45	329	126.36428571428571	105.0	187	529	325.5053571428571	304.0	0	68	12.607142857142858	8.0	74	546	179.6654761904762	133.0	6	118	59.22261904761905	60.0	32	239	95.3797619047619	82.0	13	92	41.80952380952381	39.0	31	162	76.10297619047618	67.0	646	2369	1401.2190476190476	1243.5	661	1810	1317.6244047619048	1267.0	733	2577	1596.9869047619047	1404.0	757	2651	1653.7559523809523	1433.0	165	800	350.5363095238095	285.0	519	1275	937.925	882.0	144	427	288.12440476190477	268.0	688	1752	1310.5690476190475	1273.0	456	1692	986.5488095238095	848.5	899	2182	1709.529761904762	1646.0	979	4173	2381.5619047619048	1997.5	646	1962	1303.2380952380952	1200.0	64	406	148.6315476190476	123.0	35	581	131.43035714285713	82.0	2	187	36.57440476190476	18.0	48	327	129.9625	118.0	28	650	130.5779761904762	63.0	342	901	620.6011904761905	591.0	67	701	199.62916666666666	133.0	625	2374	1429.2214285714285	1235.0
chr3:176743238-176849216	TBL1XR1	TBL1XR1	exon_2	0	44	0.9259185868765215	0.0	0	77	1.9064145388665572	0.0	0	54	1.2193945913302762	0.0	0	50	1.3173866274132366	0.0	0	71	1.8987714431297062	0.0	0	62	1.4362509200022646	0.0	0	130	4.151295551906999	0.0	0	37	0.6743758138481571	0.0	0	16	0.18744456396610618	0.0	0	26	0.33669252108928266	0.0	0	23	0.4327407575157108	0.0	0	13	0.2562890411217422	0.0	0	50	0.2768216044839495	0.0	0	41	0.6627035799882994	0.0	0	54	1.3771820566532678	0.0	0	13	0.0785257317556474	0.0	0	23	0.4982260469153975	0.0	0	29	0.48103379946781405	0.0	0	33	0.672592424842892	0.0	0	20	0.28846553058181884	0.0	0	38	0.6483515446602125	0.0	0	106	3.0803657362848895	0.0	0	102	2.9579912812093077	0.0	0	132	3.6793579799581044	0.0	0	103	3.203646039744098	0.0	0	41	0.8042140821679972	0.0	0	76	2.075430749778256	0.0	0	36	0.954471682802091	0.0	0	100	3.123525637396441	0.0	0	85	2.3388816546830475	0.0	0	78	2.5329313631130987	0.0	0	180	3.4453471475211837	0.0	0	95	2.825322236690634	0.0	0	33	0.6916152408990546	0.0	0	24	0.47804261261771314	0.0	0	5	0.031185717790484818	0.0	0	34	0.6593632640736756	0.0	0	28	0.41661476910302137	0.0	0	52	1.3646322821717716	0.0	0	31	0.4969805053879107	0.0	0	126	3.1270829794863086	0.0
chr3:183209685-183273475	KLHL6	KLHL6	exon_1	0	157	2.8147985577676753	0.0	0	134	3.3680357422793543	0.0	0	101	2.7246747139050007	0.0	0	139	3.511663270105032	0.0	0	161	4.225834770340179	0.0	0	146	3.591550399749177	0.0	0	396	12.249302398495061	0.0	0	89	1.3154569681768302	0.0	0	32	0.5261012697915034	0.0	0	210	1.7988869728797616	0.0	0	113	1.406552751214924	0.0	0	75	0.7437059100172441	0.0	0	140	1.4814704499137796	0.0	0	191	1.9685687411820034	0.0	0	260	4.8183727857030885	0.0	0	24	0.33274807963630665	0.0	0	179	2.983759209907509	0.0	0	54	1.1033861106756544	0.0	0	96	1.7607932277786487	0.0	0	70	0.827747295814391	0.0	0	115	1.83276375607462	0.0	0	371	10.905063489575168	0.0	0	356	10.169399592412605	0.0	0	434	12.543361028374353	0.0	0	427	11.696566860009407	0.0	0	225	3.980420128546794	0.0	0	253	5.88488791346606	0.0	0	128	2.6862987929142497	0.0	0	300	7.98590688195642	0.0	0	314	8.061216491613106	0.0	0	316	8.398542091236871	0.0	0	681	17.840006270575326	0.0	0	350	9.64822072425145	0.0	0	213	2.8443799968647125	0.0	0	119	1.5881172597585829	0.0	0	26	0.2500235146574698	0.0	0	144	2.1710926477504313	0.0	0	135	1.5504467784919267	0.0	0	165	4.154538328891676	0.0	0	129	2.178162721429691	0.0	0	366	10.315425615300203	0.0
chr3:187439139-187750559	BCL6	BCL6,no_gene_name	exon_1,exon_1	0	1019	101.14513197610944	0.0	0	1685	265.882114186629	0.0	0	1275	208.1412497591677	0.0	0	1672	214.10404598291697	0.0	0	1545	314.9108695652174	0.0	0	1827	258.77896409992934	0.0	0	3482	672.953262475114	0.0	0	475	35.587903795517306	0.0	0	274	12.731786654678569	0.0	0	1549	39.89819215207758	0.0	0	486	21.567603236786333	0.0	0	643	11.190536895510885	0.0	0	1326	24.92665210969109	0.0	0	761	44.92810994798022	0.0	0	2324	178.0826697065057	0.0	0	217	8.420567079827885	0.0	0	1458	67.33009761736561	0.0	0	401	29.932139875409415	0.0	0	631	30.297084323421746	0.0	0	247	14.42707918566566	0.0	0	409	29.52779526042001	0.0	0	3405	558.6177894804445	0.0	0	3412	551.1679050799563	0.0	0	3670	630.28519684028	0.0	0	4233	647.512568235823	0.0	0	1986	166.94924218097745	0.0	0	2356	365.1617558281421	0.0	0	981	110.74743754415259	0.0	0	2830	496.1851133517436	0.0	0	2248	395.0819889538244	0.0	0	2572	590.8495632907328	0.0	0	3831	602.0495825573181	0.0	0	2841	490.28265365101794	0.0	0	967	59.210667266071546	0.0	0	1014	37.359360349367414	0.0	0	518	11.3037280842592	0.0	0	764	50.917587181298565	0.0	0	1086	34.982159141994735	0.0	0	2040	191.8234923896988	0.0	0	1205	54.880595337486355	0.0	0	3089	559.635742726864	0.0
chr3:38180096-38182820	MYD88	MYD88	exon_1	0	222	57.95374449339207	48.0	0	107	46.547723935389136	44.0	0	99	42.22173274596182	42.0	0	161	63.70851688693099	62.0	0	100	46.38986784140969	48.0	0	247	88.47980910425845	74.0	2	356	173.56387665198238	182.5	0	79	18.472099853157122	13.0	0	31	8.842143906020558	6.0	0	148	27.493759177679884	11.0	0	127	24.88950073421439	12.0	0	43	9.396842878120411	6.0	0	112	23.25770925110132	13.0	0	186	36.51064610866373	20.0	0	337	99.30616740088105	69.0	0	25	5.055433186490455	2.0	0	172	53.771292217327456	43.0	0	41	13.908957415565345	12.0	0	114	29.47540381791483	22.0	0	62	14.562408223201174	9.0	0	121	27.376284875183554	16.0	0	343	158.0293685756241	157.0	0	335	160.18795888399413	167.0	0	340	166.9640234948605	179.0	0	369	171.08810572687224	170.0	0	194	68.21035242290749	63.0	0	187	79.87224669603525	78.0	0	136	38.517254038179146	31.0	0	189	94.27349486049927	100.0	1	234	113.37481644640235	119.0	0	177	93.06497797356828	99.0	1	469	221.5668135095448	224.0	0	327	141.94273127753303	147.0	0	172	49.89610866372981	35.0	0	115	27.502202643171806	17.0	0	31	4.907488986784141	2.0	0	188	37.71071953010279	25.0	0	99	24.269089574155654	17.0	0	158	64.58333333333333	63.0	0	137	37.02092511013216	27.0	0	397	170.66446402349487	174.0
chr3:49397608-49413065	RHOA	RHOA	exon_2	0	113	3.452675163356408	0.0	0	85	3.7572620819046385	0.0	0	82	3.047745358090186	0.0	0	132	4.645856246360872	0.0	0	89	4.541955101248625	0.0	0	127	5.238791486058097	0.0	0	286	14.308274568156822	0.0	0	85	2.27424467878631	0.0	0	41	1.3124150870155917	0.0	0	278	4.749886782687455	0.0	0	70	1.9380216083327941	0.0	0	174	2.5057902568415606	0.0	0	235	4.28511354079058	0.0	0	159	3.437471695671864	0.0	0	95	3.133919906838326	0.0	0	44	0.9313579607944621	0.0	0	168	4.28550171443359	0.0	0	46	1.403183023872679	0.0	0	106	3.3567315779258586	0.0	0	49	1.2801319790386232	0.0	0	76	2.1728019667464578	0.0	0	237	11.768971986802097	0.0	0	255	12.711004722779323	0.0	0	243	12.433266481205926	0.0	0	274	12.567639257294429	0.0	0	195	5.8489357572620815	0.0	0	148	6.683379698518471	0.0	0	98	3.5261693730995667	0.0	0	146	8.70214142459727	0.0	0	206	9.466261240861746	0.0	0	153	8.730801578572814	0.0	0	308	18.564339781328847	0.0	0	224	11.411658148411723	0.0	0	144	3.74522869897134	0.0	0	207	3.8123827392120075	0.0	0	51	0.6878436954130814	0.0	0	167	3.6957365594876106	0.0	0	212	4.025360678009963	0.0	0	153	5.5777317720126804	0.0	0	189	4.88872355567057	0.0	0	238	11.50242608526881	0.0
chr5:158126074-158526546	EBF1	EBF1	exon_1	0	283	0.9862012824866657	0.0	0	153	1.0790092690625062	0.0	0	143	0.915055234822909	0.0	0	208	1.168431251123674	0.0	0	155	1.1026738448630615	0.0	0	216	1.1192917357518128	0.0	0	467	3.15149373738988	0.0	0	86	0.24994256777003138	0.0	0	66	0.15257496154537645	0.0	0	292	0.5974674883637308	0.0	0	185	0.41927775225234226	0.0	0	229	0.2620607682934138	0.0	0	275	0.5366892067360515	0.0	0	192	0.6261386563854652	0.0	0	286	1.3911284684072793	0.0	0	61	0.10933598353942348	0.0	0	211	0.8402709802433129	0.0	0	95	0.3401735951577139	0.0	0	163	0.5924683873029825	0.0	0	84	0.2401391358197327	0.0	0	131	0.4773042809484808	0.0	0	489	2.909092271120078	0.0	0	483	2.625441978465411	0.0	0	504	3.3066955991929525	0.0	0	376	2.337284504284944	0.0	0	340	1.198448330969456	0.0	0	281	1.4851375377055076	0.0	0	149	0.7483069977426636	0.0	0	260	1.6092361014003476	0.0	0	340	2.1329680976447793	0.0	0	323	2.7629771869194353	0.0	0	456	3.316249325795561	0.0	0	371	2.4091546974570006	0.0	0	279	0.871279390319423	0.0	0	231	0.5319148404882239	0.0	0	60	0.09168930661819054	0.0	0	206	0.6409287041291276	0.0	0	225	0.5073138696338321	0.0	0	256	1.3940600091891568	0.0	0	209	0.6545176691504025	0.0	0	399	2.8545041850616273	0.0
chr5:88018401-88140505	MEF2C	MEF2C	exon_1	0	99	3.3249688789884035	0.0	0	125	6.2372977134246215	0.0	0	91	5.448126187512284	0.0	0	118	6.1787328834436215	0.0	0	110	6.937274782152919	0.0	0	116	5.3354926947520145	0.0	0	243	15.679461770294175	0.0	0	48	2.1182107056279893	0.0	0	26	0.5805706610758042	0.0	0	49	0.88902083469829	0.0	0	46	1.5384753980213588	0.0	0	17	0.5188118325361987	0.0	0	41	0.7668544847015659	0.0	0	65	2.136252702614165	0.0	0	155	4.499369390028173	0.0	0	21	0.3412992203367621	0.0	0	102	1.6145908405949028	0.0	0	50	1.7956823691279564	0.0	0	56	2.162992203367621	0.0	0	25	0.9959542684924326	0.0	0	60	2.126785363296862	0.0	0	236	11.743857695079605	0.0	0	168	10.601970451418463	0.0	0	268	12.775314486011924	0.0	0	191	10.534421476773897	0.0	0	98	3.0046272030400316	0.0	0	122	7.021350651903296	0.0	0	77	3.3164843084583633	0.0	0	202	12.015904474873878	0.0	0	144	8.455152984341217	0.0	0	251	17.244996068924852	0.0	0	310	13.743358120946079	0.0	0	163	10.188839022472646	0.0	0	73	2.409577081831881	0.0	0	37	1.2676652689510581	0.0	0	8	0.1718371224529909	0.0	0	68	2.335877612527026	0.0	0	46	1.0593428552709165	0.0	0	124	5.164646530826181	0.0	0	62	1.595426849243268	0.0	0	214	11.813249361200288	0.0
chr6:134491369-134638624	SGK1	SGK1	exon_2	0	113	1.1668534175410004	0.0	0	77	1.6627550847169876	0.0	0	46	0.9186105734949577	0.0	0	99	1.484160130386065	0.0	0	88	1.8468371192828767	0.0	0	132	1.8197548470340565	0.0	0	251	5.018294794743812	0.0	0	100	0.791049539913755	0.0	0	32	0.3513564904417507	0.0	0	187	1.0255067739635326	0.0	0	160	0.9290889952802961	0.0	0	68	0.5406879223116363	0.0	0	135	0.9818749787783098	0.0	0	105	0.9639876404875896	0.0	0	193	1.8034362160877389	0.0	0	33	0.2409969101218974	0.0	0	130	1.0283453872534039	0.0	0	73	0.8362839971478049	0.0	0	117	1.1887202471902483	0.0	0	46	0.43670503548266615	0.0	0	110	1.0272520457709415	0.0	0	266	4.5007639808495465	0.0	0	229	3.744327866625921	0.0	0	283	4.971355811347662	0.0	0	225	3.945489117517232	0.0	0	133	1.4174459271332043	0.0	0	121	2.191837289056399	0.0	0	119	1.3573732640657363	0.0	0	212	3.937075141760891	0.0	0	204	3.267916199789481	0.0	0	149	3.431448847237785	0.0	0	279	5.6079657736579405	0.0	0	207	3.3121048521272622	0.0	0	163	1.3006756986180434	0.0	0	144	1.0002105191674306	0.0	0	32	0.1512885810329021	0.0	0	85	0.9318800719839734	0.0	0	167	0.9225696920308308	0.0	0	179	2.663895962785644	0.0	0	153	1.0329156904689145	0.0	0	238	4.196624902380225	0.0
chr6:138192332-138202492	TNFAIP3	TNFAIP3	exon_2	0	132	19.97303149606299	1.0	0	130	26.409350393700787	3.0	0	89	13.901771653543307	1.0	0	160	23.025098425196852	2.0	0	133	25.84498031496063	3.0	0	133	22.873622047244094	2.0	0	347	65.53789370078741	10.0	0	62	9.037204724409449	0.0	0	27	3.2797244094488187	0.0	0	104	9.025590551181102	0.0	0	80	8.938484251968504	0.0	0	46	3.8135826771653543	0.0	0	70	5.929035433070866	0.0	0	114	12.721062992125985	0.0	0	260	30.120866141732282	1.0	0	17	1.7533464566929133	0.0	0	168	14.450885826771653	0.0	0	54	8.23257874015748	0.0	0	93	10.662598425196851	0.0	0	59	5.636712598425197	0.0	0	98	10.934448818897637	0.0	0	305	53.289370078740156	7.0	0	261	46.80984251968504	7.0	0	290	56.257086614173225	9.0	0	255	49.10895669291339	7.0	0	159	20.650688976377953	1.0	0	137	26.103937007874016	3.0	0	112	18.63041338582677	1.0	0	214	41.83326771653543	9.0	0	229	40.48425196850393	7.0	0	183	41.16496062992126	8.0	0	266	49.734055118110234	8.0	0	254	44.71299212598425	7.0	0	150	17.75531496062992	0.0	0	83	9.125492125984252	0.0	0	17	1.229527559055118	0.0	0	80	9.106200787401574	0.0	0	97	9.13996062992126	0.0	0	97	16.251377952755906	2.0	0	118	10.043799212598426	0.0	0	348	57.14734251968504	8.0
chr6:14118000-14135522	CD83	CD83	exon_1	0	44	1.7023741582011187	0.0	0	25	1.3087547083666249	0.0	0	28	1.4702659513754137	0.0	0	38	1.627154434425294	0.0	0	40	1.6678461362858121	0.0	0	47	1.8887113343225659	0.0	0	114	5.291519232964274	0.0	0	31	0.7361602556785755	0.0	0	13	0.3909371076361146	0.0	0	27	0.7353041890195183	0.0	0	48	0.9769432713160598	0.0	0	11	0.2749115397785641	0.0	0	29	0.6620248830042232	0.0	0	40	1.0235132975687706	0.0	0	71	2.1315489099417873	0.0	0	15	0.2592740554731195	0.0	0	31	0.8020773884259788	0.0	0	23	0.6922725716242438	0.0	0	25	0.9747174980025112	0.0	0	18	0.5742495148955599	0.0	0	50	1.1536354297454627	0.0	0	95	4.597363314690104	0.0	0	78	3.846136285812122	0.0	0	143	5.6413080698550395	0.0	0	96	4.439961191644789	0.0	0	51	1.5631206483278164	0.0	0	43	1.8586919301449607	0.0	0	29	1.3169729482935737	0.0	0	90	4.287410113000799	0.0	0	86	3.733192557927177	0.0	0	99	4.805558726172811	0.0	0	245	10.068770688277594	0.0	0	83	4.7014610204314575	0.0	0	40	1.1156260700833238	0.0	0	26	0.7322223490469124	0.0	0	5	0.07459194155918274	0.0	0	42	1.1777765095308754	0.0	0	27	0.7217783358064148	0.0	0	41	1.6951831982650383	0.0	0	27	0.6888483049880151	0.0	0	85	4.474660426891908	0.0
chr6:26055975-26056695	HIST1H1C	HIST1H1C	exon_1	102	302	228.4625	233.5	135	344	264.76944444444445	276.5	105	310	227.7125	224.0	126	396	310.6763888888889	333.0	120	294	220.40833333333333	216.0	105	287	222.1638888888889	234.0	279	783	599.6472222222222	617.5	26	103	71.2875	75.0	7	40	20.243055555555557	19.0	4	83	45.26111111111111	43.0	27	135	86.23611111111111	85.0	2	13	7.6194444444444445	8.0	7	60	37.25555555555555	38.0	22	132	93.45555555555555	95.5	133	523	387.85	411.0	3	40	21.518055555555556	20.0	29	164	114.89722222222223	120.0	21	122	80.43194444444444	82.0	32	102	75.43472222222222	80.0	9	66	46.704166666666666	49.0	55	166	114.80416666666666	115.0	237	663	503.1458333333333	507.5	191	554	431.87083333333334	465.0	220	606	480.8958333333333	505.0	273	700	552.8069444444444	560.0	91	275	202.2263888888889	204.0	138	391	292.2416666666667	305.0	64	169	140.07638888888889	146.0	181	543	396.33194444444445	402.0	144	421	342.9347222222222	360.0	226	649	500.34722222222223	516.5	359	976	769.4291666666667	796.0	174	608	457.2875	474.0	49	185	130.4986111111111	134.0	19	68	50.21666666666667	52.0	2	21	9.729166666666666	10.0	46	161	116.98611111111111	116.0	14	60	35.88611111111111	35.0	132	400	285.0263888888889	277.0	20	128	82.51388888888889	82.5	254	649	522.6875	551.5
chr6:26156599-26157352	HIST1H1E	HIST1H1E	exon_1	42	237	141.91766268260292	149.0	36	146	109.10092961487383	117.0	26	136	98.52456839309428	105.0	57	230	161.97211155378486	168.0	42	129	99.54980079681275	111.0	44	178	124.46082337317397	126.0	119	323	259.66533864541833	280.0	18	77	52.33864541832669	55.0	4	24	12.223107569721115	11.0	7	99	54.28021248339974	60.0	14	171	113.09694555112881	131.0	1	22	11.677290836653386	13.0	7	62	42.54714475431607	49.0	16	113	69.79150066401063	82.0	71	298	201.96281540504648	215.0	1	31	17.670650730411687	17.0	14	97	61.50730411686587	67.0	25	95	66.98140770252324	72.0	18	108	66.14077025232403	67.0	11	76	49.90571049136786	55.0	20	120	85.81540504648075	96.0	71	249	192.7078353253652	215.0	86	240	187.28154050464806	205.0	87	276	213.8339973439575	224.0	104	259	199.83532536520585	211.0	37	135	93.32005312084993	101.0	52	167	118.76228419654714	123.0	35	120	87.13811420982736	96.0	86	246	184.95086321381143	190.0	58	221	146.21115537848607	145.0	86	233	181.7436918990704	184.0	146	409	321.30677290836655	344.0	83	249	194.91367861885792	211.0	22	138	88.54714475431607	93.0	7	82	49.96945551128818	58.0	0	24	9.727755644090305	8.0	16	123	79.08100929614874	84.0	9	51	32.45285524568393	36.0	64	180	137.41035856573706	147.0	10	75	52.63877822045153	58.0	105	315	239.45019920318725	251.0
chr6:27834607-27835327	HIST1H1B	HIST1H1B	exon_1	59	167	128.70694444444445	135.0	63	130	103.30555555555556	104.0	54	120	99.64166666666667	102.5	86	202	151.0638888888889	147.0	53	143	111.10972222222222	111.0	45	139	103.01805555555555	107.0	164	337	274.62638888888887	282.0	29	73	49.105555555555554	47.0	7	33	18.879166666666666	19.0	15	62	36.481944444444444	34.0	16	87	57.422222222222224	57.0	3	19	11.416666666666666	12.0	16	62	38.020833333333336	35.0	28	111	72.51805555555555	72.0	97	299	227.69027777777777	237.5	2	25	11.509722222222223	11.0	25	83	64.30277777777778	67.0	18	68	43.520833333333336	42.0	15	80	60.55	62.0	22	70	44.52777777777778	46.0	26	111	69.325	67.0	154	279	241.68472222222223	245.0	149	316	252.125	255.0	169	324	282.4166666666667	290.0	162	274	243.175	252.0	53	150	116.04444444444445	121.0	75	171	131.98472222222222	135.0	49	111	78.24861111111112	73.0	115	218	175.09305555555557	169.0	101	252	193.98194444444445	199.0	132	255	205.6513888888889	206.0	273	523	449.07916666666665	476.0	157	275	231.975	238.0	49	113	87.65	89.0	23	51	37.86527777777778	38.0	1	18	7.675	7.0	36	93	71.24027777777778	74.0	10	58	37.40694444444444	40.0	69	160	124.8	127.0	19	71	49.30972222222222	49.0	156	325	276.7083333333333	286.0
chr6:27860491-27860971	HIST1H2AM	HIST1H2AM	exon_1	66	242	172.07291666666666	185.0	98	223	172.47291666666666	176.0	72	156	127.30416666666666	133.0	104	264	198.69791666666666	209.0	91	218	161.46458333333334	160.0	73	181	142.38125	152.0	230	520	421.9604166666667	436.0	23	95	70.65833333333333	77.5	7	45	26.202083333333334	27.0	15	124	70.08958333333334	74.0	17	157	98.40833333333333	104.0	1	32	15.964583333333334	14.0	10	91	56.44375	63.0	26	153	99.0375	103.0	99	346	245.97916666666666	266.0	1	44	23.56875	25.0	22	137	88.41875	99.5	21	116	78.98541666666667	82.5	25	131	81.11458333333333	76.0	13	114	59.49583333333333	55.0	28	169	106.90625	105.5	175	413	335.7125	357.0	186	403	333.1791666666667	347.0	189	467	356.48125	368.0	208	469	371.90833333333336	385.0	51	235	153.63333333333333	159.5	104	265	201.47916666666666	214.0	60	206	146.71666666666667	158.0	142	323	262.9270833333333	274.5	119	283	225.68958333333333	243.0	178	403	326.59375	344.0	297	668	547.59375	603.5	163	388	307.7604166666667	322.0	27	252	140.86666666666667	136.0	20	100	64.99791666666667	62.5	1	29	14.552083333333334	14.0	31	199	131.88541666666666	144.0	16	96	54.12083333333333	51.0	95	250	193.99375	215.5	20	100	67.90416666666667	76.5	173	481	378.90625	408.5
chr6:31073970-31074090	rs6457327	no_gene_name	N/A	59	120	96.19166666666666	98.0	166	247	221.175	224.5	123	204	174.925	176.0	108	206	172.325	176.5	207	303	267.525	275.5	143	217	186.95833333333334	189.0	740	1050	929.7833333333333	941.5	24	49	38.891666666666666	40.0	13	40	28.241666666666667	27.0	49	109	84.50833333333334	83.5	33	58	46.71666666666667	48.0	11	28	19.675	19.0	22	53	41.166666666666664	44.0	33	68	53.93333333333333	58.0	89	164	141.03333333333333	147.5	2	15	9.616666666666667	10.0	79	170	137.58333333333334	143.5	18	43	30.483333333333334	30.0	35	79	61.13333333333333	63.0	4	14	9.933333333333334	11.0	26	50	35.74166666666667	33.0	571	877	776.25	800.0	697	957	859.1666666666666	867.0	845	1175	1040.2833333333333	1049.5	483	729	636.3166666666667	640.5	179	289	245.175	249.0	323	487	422.6166666666667	428.0	95	149	124.49166666666666	126.0	429	596	531.6416666666667	542.0	471	691	608.7	613.5	636	842	762.9083333333333	770.0	1429	2003	1782.025	1786.0	598	848	755.6833333333333	764.5	52	92	73.98333333333333	76.0	47	84	71.25	76.0	12	20	16.983333333333334	18.0	31	60	47.891666666666666	47.0	41	101	78.76666666666667	84.0	188	271	235.04166666666666	234.5	74	171	133.70833333333334	147.0	556	823	710.7666666666667	721.5
chr6:32902696-32908616	HLA-DMB	HLA-DMB,no_gene_name	exon_1,exon_1	0	144	18.230912162162163	0.0	0	194	26.92077702702703	1.0	0	120	19.3160472972973	1.0	0	162	25.77195945945946	1.0	0	173	29.11064189189189	1.0	0	152	24.916385135135137	1.0	0	466	76.53057432432432	5.0	0	54	8.078547297297296	0.0	0	30	3.1287162162162163	0.0	0	31	3.510304054054054	0.0	0	54	5.3287162162162165	0.0	0	13	1.4023648648648648	0.0	0	32	3.6658783783783786	0.0	0	55	5.89527027027027	0.0	0	189	22.77212837837838	0.0	0	23	2.2515202702702704	0.0	0	72	7.894425675675675	0.0	0	54	7.3599662162162165	0.0	0	67	9.307263513513513	0.0	0	22	3.476689189189189	0.0	0	61	6.812668918918919	0.0	0	438	68.04628378378378	4.0	0	354	57.02719594594595	4.0	0	465	76.28885135135135	5.0	0	385	60.18716216216216	3.0	0	129	16.670945945945945	0.0	0	233	34.96570945945946	2.0	0	94	14.197128378378379	0.0	0	362	61.50253378378378	6.0	0	317	52.91858108108108	4.0	0	401	71.98682432432433	4.0	0	702	121.47584459459459	7.5	0	361	59.871114864864865	6.0	0	105	12.838006756756757	0.0	0	29	4.610472972972973	0.0	0	10	0.50625	0.0	0	72	8.535304054054054	0.0	0	47	4.723310810810811	0.0	0	224	33.19189189189189	1.0	0	53	7.147128378378379	0.0	0	378	62.871114864864865	5.0
chr6:37138033-37141908	PIM1	PIM1	exon_1	0	122	38.104	21.0	0	85	26.05832258064516	26.0	0	68	21.396129032258063	17.0	0	114	39.46787096774194	35.0	0	68	23.99716129032258	23.0	0	96	35.896	29.0	0	238	85.01548387096774	79.0	0	63	18.604387096774193	8.0	0	32	8.345290322580645	3.0	0	88	18.313032258064517	2.0	0	146	28.534967741935485	5.0	0	46	8.218322580645161	1.0	0	101	20.030193548387096	4.0	0	112	29.538064516129033	11.0	0	216	64.01032258064517	24.0	0	57	8.644903225806452	1.0	0	104	29.85290322580645	10.0	0	81	20.257548387096776	8.0	0	83	23.87251612903226	8.0	0	57	13.647483870967742	4.0	0	107	27.316903225806453	13.0	0	236	82.31458064516129	65.0	0	263	81.40025806451612	61.0	0	236	93.22787096774194	79.0	0	218	71.536	60.0	0	94	32.34916129032258	21.0	0	109	42.339354838709674	34.0	0	105	30.387612903225808	19.0	0	136	50.742709677419356	46.0	0	169	63.51716129032258	50.0	0	160	57.769290322580645	59.0	0	413	150.99974193548388	126.0	0	217	74.26709677419355	57.0	0	101	30.512	17.0	0	109	22.779612903225807	6.0	0	21	3.670967741935484	0.0	0	122	33.812387096774195	17.0	0	62	16.084129032258065	4.0	0	116	35.865806451612904	27.0	0	95	22.427096774193547	6.0	0	264	84.75561290322581	60.0
chr6:41903641-41909398	CCND3	CCND3	exon_2	0	81	16.010595796421747	2.0	0	49	10.793121417404897	2.0	0	34	8.430606218516589	2.0	0	77	14.120027792252909	2.0	0	52	10.72068785825951	3.0	0	61	14.123154420705228	2.0	0	146	39.25516762202536	15.0	0	37	7.331248914365121	0.0	0	25	3.353656418273406	0.0	0	73	10.065485495918013	0.0	0	93	12.37085287476116	0.0	0	36	4.839326037866945	0.0	0	69	10.060448150078166	1.0	0	71	13.262463088414105	0.0	0	143	25.30901511203752	2.0	0	21	2.473684210526316	0.0	0	82	16.103178738926523	1.0	0	42	6.445544554455446	0.0	0	58	10.974118464478027	1.0	0	31	5.268890046899426	0.0	0	55	8.468299461525099	0.0	0	133	35.746916796942855	13.0	0	136	33.63991662324127	11.0	0	136	34.97498697238145	14.0	0	121	32.72068785825951	10.0	0	76	18.011290602744484	3.0	0	70	15.171443460135487	5.0	0	54	10.79121070001737	1.0	0	90	23.980371721382664	8.0	0	99	25.817439638700712	10.0	0	95	24.403856175091192	8.0	0	209	56.335070349140175	23.0	0	134	35.91314920965781	12.0	0	69	13.778356783046725	1.0	0	53	9.422615945805108	0.0	0	13	1.5466388744137571	0.0	0	72	12.492965085982283	0.0	0	58	9.015980545422963	0.0	0	79	15.967691505992704	3.0	0	59	12.243703317700191	1.0	0	144	36.34392912975508	10.0
chr6:74227474-74229797	EEF1A1	EEF1A1	exon_2	6	140	81.6302195436935	87.0	23	255	172.23073611708998	190.0	20	182	114.08480413258717	122.0	23	180	128.19974171330176	139.0	17	242	163.93930262591476	179.0	16	202	128.12742143779596	138.0	45	564	360.63323288850626	369.0	3	78	46.83814033577271	49.0	0	38	14.832974601808006	15.0	1	68	21.731381833835556	19.0	0	47	26.10460611278519	28.0	0	39	11.458028411536805	11.0	0	39	16.4739560912613	16.0	2	92	40.62117950925527	40.0	9	157	99.9117520447697	106.0	0	18	7.765820060266896	8.0	2	60	25.63753766681016	26.0	3	101	55.97029702970297	56.0	3	79	49.259578131726215	51.0	0	55	25.66767111493758	26.0	3	92	46.509255273353425	49.0	39	439	248.36805854498493	243.0	42	375	257.9233749461903	268.0	38	574	312.91218252260006	306.0	49	441	256.3620318553595	261.0	3	122	65.88463194145501	69.0	33	262	165.67154541541112	175.0	12	148	94.77529057253551	101.0	62	374	250.61558329746018	250.0	32	401	211.01162290142057	215.0	48	415	268.8437365475678	286.0	53	722	394.8480413258717	406.0	47	346	235.75548859233749	254.0	3	82	48.57770124838571	50.0	1	52	27.17391304347826	27.0	0	8	1.7133017649591047	1.0	2	85	53.05165733964701	56.0	0	66	26.76452862677572	27.0	22	223	143.63667671114936	154.0	0	53	26.829961256995265	27.0	43	444	290.36117089969866	305.0
chr7:128582113-128588929	IRF5	IRF5	exon_2	0	43	9.377787558685446	2.0	0	21	4.194835680751174	1.0	0	29	5.757482394366197	1.0	0	38	7.359595070422535	2.0	0	28	5.584800469483568	2.0	0	33	7.566901408450704	1.0	0	89	26.046801643192488	10.0	0	26	3.353579812206573	1.0	0	13	1.9960387323943662	0.0	0	50	7.179577464788732	1.0	0	36	5.490757042253521	0.0	0	27	3.8111795774647885	1.0	0	48	8.408450704225352	2.0	0	41	7.784330985915493	1.0	0	70	14.891725352112676	2.0	0	8	0.7194835680751174	0.0	0	51	10.278609154929578	3.0	0	15	2.6753227699530515	1.0	0	33	5.96919014084507	2.0	0	19	2.8274647887323945	0.0	0	31	4.754254694835681	1.0	0	81	19.855780516431924	6.0	0	86	22.585093896713616	7.0	0	90	24.334213615023476	8.0	0	76	17.001026995305164	5.0	0	65	11.438967136150234	3.0	0	33	7.702171361502347	2.0	0	33	5.858714788732394	1.0	0	54	12.689700704225352	4.0	0	61	16.239143192488264	5.0	0	67	17.431924882629108	5.0	0	128	32.80824530516432	9.0	0	66	17.232541079812208	5.0	0	52	9.788732394366198	2.0	0	32	6.666960093896714	2.0	0	12	1.0605927230046948	0.0	0	38	6.765698356807512	2.0	0	37	6.694102112676056	1.0	0	31	7.221977699530516	2.0	0	45	7.882775821596244	2.0	0	91	24.533450704225352	6.0
chr7:148504708-148547614	EZH2	EZH2	exon_2	0	97	5.1648953526313335	0.0	0	147	9.1225469631287	0.0	0	118	7.160909896051834	0.0	0	133	7.568498578287419	0.0	0	194	12.946650818067404	0.0	0	158	9.054025078077657	0.0	0	542	32.5427212977206	0.0	0	62	2.939449028107957	0.0	0	25	0.9292872791684147	0.0	0	25	1.2854379340884725	0.0	0	36	1.8985223511863143	0.0	0	16	0.8715564256747308	0.0	0	32	1.252062648580618	0.0	0	64	3.347200857688901	0.0	0	159	6.5589428052020695	0.0	0	14	0.3636321260429777	0.0	0	118	3.4760872605230038	0.0	0	51	2.442292453269939	0.0	0	49	2.654756910455414	0.0	0	29	1.433272735747914	0.0	0	56	2.722579592597772	0.0	0	427	20.945741854286116	0.0	0	357	18.640376637300143	0.0	0	541	25.149839183331004	0.0	0	406	19.110194378408615	0.0	0	124	5.6015941826318	0.0	0	219	11.73337062415513	0.0	0	90	5.227567240013052	0.0	0	269	17.402367967184077	0.0	0	331	16.172470050808744	0.0	0	532	33.455577308534934	0.0	0	754	33.28685964666946	0.0	0	364	20.797534144408708	0.0	0	109	4.8006805574977855	0.0	0	36	1.950589661119657	0.0	0	6	0.14557404558802964	0.0	0	51	3.3725353097468886	0.0	0	35	1.9693982193632593	0.0	0	139	8.187456299818207	0.0	0	69	2.9109681629608914	0.0	0	359	20.634083811121986	0.0
chr7:2946254-2998196	CARD11	CARD11	exon_2	0	154	9.082746139925302	0.0	0	92	5.262754610912172	0.0	0	89	5.690558700088561	0.0	0	107	7.454660968002773	0.0	0	94	6.9963805783373765	0.0	0	89	7.352085017904586	0.0	0	345	29.80283778060144	0.0	0	67	3.474221246775249	0.0	0	39	1.6412537060567556	0.0	0	160	8.092641792768857	0.0	0	104	5.136036348234569	0.0	0	71	3.3500635324015247	0.0	0	149	7.775249316545377	0.0	0	138	8.068865272804281	0.0	0	218	13.397116014015634	0.0	0	28	1.049324246274691	0.0	0	174	12.82415001347657	0.0	0	40	1.9928766701320704	0.0	0	97	5.936121058103269	0.0	0	54	2.701378460590659	0.0	0	79	4.404451118555312	0.0	0	308	23.650128990027337	0.0	0	274	24.45000192522429	0.0	0	346	28.287378229563743	0.0	0	270	22.90514419929922	0.0	0	190	13.346386354010242	0.0	0	150	11.776885757190712	0.0	0	97	6.96324746833006	0.0	0	182	13.262331061568673	0.0	0	196	19.087097146817605	0.0	0	254	16.743617881483193	0.0	0	433	39.541758114820375	0.0	0	239	19.86829540641485	0.0	0	167	10.659331562126988	0.0	0	127	6.351391937160679	0.0	0	28	1.0542913249393555	0.0	0	106	6.3955950868276155	0.0	0	135	7.027164914712564	0.0	0	106	8.057929998844866	0.0	0	139	9.048611913287898	0.0	0	264	24.15001347657002	0.0
chr8:128748794-128753223	MYC	MYC	exon_1	0	166	41.02280424475051	3.0	0	192	37.49830661548882	5.0	0	123	33.18198238880108	7.0	0	186	46.59358771731768	5.0	0	210	42.97719575524949	9.0	0	185	45.53217430571235	6.0	0	700	165.70783472567172	38.0	0	88	17.12666516143599	2.0	0	46	7.343192594265071	0.0	0	105	16.405734928877852	0.0	0	120	21.231429216527435	1.0	0	31	6.032964551817566	0.0	0	91	18.919394897268006	2.0	0	138	27.685707834725672	2.0	0	285	69.9771957552495	3.0	0	24	4.8564009934522465	0.0	0	163	38.83314517949876	2.0	0	60	14.237976969970648	1.0	0	92	26.256265522691354	2.0	0	70	12.562655226913524	0.0	0	114	23.63377737638293	1.0	0	527	126.45811695642357	22.0	0	429	115.42763603522239	23.0	0	548	132.66832242041093	25.0	0	585	130.71844660194174	28.0	0	171	44.66132309776473	5.0	0	255	61.95393994129601	7.0	0	128	33.1632422668774	4.0	0	383	83.321968841725	22.0	0	334	81.55136599683901	13.0	0	335	72.39647776021675	14.0	0	669	162.42966809663582	30.0	0	431	103.43576428087604	19.0	0	158	36.98554978550463	1.0	0	123	18.120794761797246	0.0	0	28	3.398509821630165	0.0	0	122	25.93474825016934	2.0	0	98	19.42718446601942	2.0	0	228	49.78460149017837	8.0	0	110	26.060510273199366	3.0	0	462	118.96364867916009	23.0
chr8:20054865-20077963	ATP6V1B2	ATP6V1B2	exon_1	0	108	4.393453978699455	0.0	0	62	6.781366352065114	0.0	0	53	5.166204866222183	0.0	0	70	5.181487574681791	0.0	0	82	8.775348515022946	0.0	0	98	6.050134210754178	0.0	0	283	24.133777816261148	0.0	0	46	2.2899818166074986	0.0	0	23	0.8029266603169105	0.0	0	96	1.6894536323491212	0.0	0	86	2.173175166681098	0.0	0	33	0.9479175686206598	0.0	0	111	1.7346523508528877	0.0	0	104	3.1559009438046584	0.0	0	173	6.37375530348948	0.0	0	17	0.43770023378647505	0.0	0	108	3.0794441077149535	0.0	0	29	1.6984587410165382	0.0	0	60	2.505844661875487	0.0	0	40	1.598103731924842	0.0	0	90	2.9192137847432678	0.0	0	233	14.197419690016451	0.0	0	162	12.545155424712096	0.0	0	238	17.11516148584293	0.0	0	247	15.74287817127024	0.0	0	143	4.603082517966923	0.0	0	116	8.261494501688459	0.0	0	70	4.659537622304962	0.0	0	118	12.866914884405576	0.0	0	155	10.95129448437094	0.0	0	139	16.30288336652524	0.0	0	353	19.291237336565935	0.0	0	178	13.085808295090484	0.0	0	127	3.763572603688631	0.0	0	86	2.180794874015066	0.0	0	20	0.3215429907351286	0.0	0	85	2.904710364533726	0.0	0	74	1.9454931162871245	0.0	0	73	5.439908217161659	0.0	0	87	2.682526625681877	0.0	0	215	15.860550697030046	0.0
chr9:139390478-139440268	NOTCH1	NOTCH1	exon_1	0	166	20.634364330186784	0.0	0	53	6.831532436232175	0.0	0	74	9.433018678449487	0.0	0	79	12.729503916449087	0.0	0	70	8.04671620807391	0.0	0	136	17.624563165294237	0.0	0	237	39.280056236192	0.0	0	70	9.178489656557542	0.0	0	51	4.600863627234385	0.0	0	197	23.042016469170516	0.0	0	146	17.61532436232175	0.0	0	91	10.317131954207673	0.0	0	160	21.89919662582848	0.0	0	204	27.10172725446877	0.0	0	264	40.43639284996987	0.0	0	44	3.5132355894757983	0.0	0	240	29.269291022293633	0.0	0	50	5.120064269933722	0.0	0	107	13.041996384816228	0.0	0	62	7.497670214902591	0.0	0	121	15.798855191805583	0.0	0	272	42.006647921269334	0.0	0	284	43.0467362924282	0.0	0	301	50.459268929503914	0.0	0	164	26.68640289214702	0.0	0	166	23.20889736894959	0.0	0	121	17.516107652138984	0.0	0	125	17.03641293432416	0.0	0	139	19.00341434022896	0.0	0	209	32.68270737095802	0.0	0	70	10.732496485238	0.0	0	459	73.3608154247841	0.0	0	218	37.12703354087166	0.0	0	161	22.797971480216912	0.0	0	149	19.32815826471179	0.0	0	40	4.022494476802571	0.0	0	161	20.285217915244026	0.0	0	140	18.268045792327776	0.0	0	87	12.176220124522997	0.0	0	180	24.134866439043986	0.0	0	327	48.31781482225347	0.0
chr9:21968174-21994475	CDKN2A	CDKN2A	exon_1	0	143	7.8556708870385155	0.0	0	87	6.759819018288278	0.0	0	74	5.583475913463366	0.0	0	98	6.137333181247861	0.0	0	85	6.73331812478613	0.0	0	104	7.175316527888674	0.0	0	291	23.157788677236606	0.0	0	63	3.3435230599596975	0.0	0	39	1.5346184555720315	0.0	0	166	6.76491388160146	0.0	0	148	5.672407893235999	0.0	0	75	2.474962929166191	0.0	0	154	5.771073343218889	0.0	0	178	8.048553286947264	0.0	0	231	14.031405649975285	0.0	0	43	1.1437207710733432	0.0	0	165	8.891791186646895	0.0	0	36	2.5193338656324853	0.0	0	91	4.818524010493897	0.0	0	51	2.516672369871868	0.0	0	94	5.296832820044865	0.0	0	268	20.471350899205355	0.0	0	233	17.790844454583475	0.0	0	295	22.069160868408044	0.0	0	220	18.046310026234742	0.0	0	160	9.67723660697312	0.0	0	131	9.619406106231702	0.0	0	102	6.207102391544048	0.0	0	189	14.58659366564009	0.0	0	199	14.082354283107106	0.0	0	77	6.750199612182047	0.0	0	389	28.66556404699441	0.0	0	232	19.224896391772177	0.0	0	177	8.489601155849588	0.0	0	143	5.834302878217558	0.0	0	28	0.9931561537584123	0.0	0	136	6.207938861640242	0.0	0	142	5.549256682255428	0.0	0	126	8.42694194137105	0.0	0	133	6.390631534922626	0.0	0	281	22.080529257442684	0.0
chrX:100604848-100630322	BTK	BTK	exon_3	0	58	5.276595744680851	0.0	0	46	4.9662793436445005	0.0	0	72	6.73404255319149	0.0	0	89	8.734513621731962	0.0	0	56	5.823035251629112	0.0	0	74	7.975347413048598	0.0	0	286	29.59974876344508	2.0	0	27	2.189487320405119	0.0	0	16	0.8315144853576195	0.0	0	51	2.9419408023867475	0.0	0	19	1.5319934050404334	0.0	0	31	0.9700478919682813	0.0	0	73	2.8512601083457643	0.0	0	52	3.4252963806233807	0.0	0	58	5.554094370730941	0.0	0	10	0.5373321818324566	0.0	0	56	2.993287273298265	0.0	0	36	2.1082672528852946	0.0	0	44	3.8846667190076154	0.0	0	23	0.9739734631388867	0.0	0	36	2.7906100337599122	0.0	0	287	24.41477584988616	1.0	0	120	12.90421606343723	0.0	0	189	15.978841171390437	1.0	0	193	19.11180026693884	1.0	0	50	3.3310041611054406	0.0	0	57	7.1632645049854755	0.0	0	54	5.745034152469184	0.0	0	159	19.5032582240716	1.0	0	111	10.21932166130172	0.0	0	197	24.229724424903825	1.0	0	485	46.45183324173667	2.0	0	238	23.997173588757164	1.0	0	41	2.643047813456858	0.0	0	29	1.7922980293632724	0.0	0	6	0.28079610583339876	0.0	0	49	3.932794221559237	0.0	0	21	1.6398288450969616	0.0	0	78	8.882193609170134	0.0	0	50	3.7917091936876814	0.0	0	210	23.56017900604538	1.0
chrX:153656998-153664252	ATP6AP1	ATP6AP1	exon_1	0	193	26.529638819961402	7.0	0	37	9.93631100082713	5.0	0	65	16.274744968293355	8.0	0	122	27.479459608491865	12.0	0	61	10.618003859939344	4.0	0	123	22.211331679073613	10.0	0	244	60.81182795698925	31.0	0	54	6.4762889440308795	2.0	0	26	3.017507582023711	0.0	0	237	20.80245381858285	3.0	0	113	9.191066997518611	2.0	0	44	3.7511717673007996	1.0	0	187	17.461676316515025	4.0	0	197	19.34532671629446	3.0	0	213	40.56754893851668	13.0	0	39	1.721532947339399	0.0	0	213	33.425282602701955	10.0	0	69	6.4591949269368625	1.0	0	125	15.08588365039978	3.0	0	40	4.240281224152192	1.0	0	141	11.793217535153019	3.0	0	245	64.49393438103115	36.0	0	239	60.1805900192997	29.0	0	152	37.10104769782189	19.0	0	206	49.683898538737246	28.0	0	99	19.51488833746898	7.0	0	74	16.618003859939343	7.0	0	103	16.607113316790738	6.0	0	140	32.81182795698925	20.0	0	95	26.81582575130962	15.0	0	121	28.59884201819686	15.0	0	378	98.0916735594155	55.0	0	229	60.076785221946515	35.0	0	123	15.25530741659774	5.0	0	100	9.807692307692308	2.0	0	25	1.9178384339674661	0.0	0	210	18.417976288944033	3.0	0	85	8.596774193548388	1.0	0	125	27.240970499035015	12.0	0	197	21.30300523848911	5.0	0	283	67.25268817204301	33.0
chrX:1584311-1585511	P2RY8	P2RY8	exon_2	24	97	75.82833333333333	78.0	9	51	34.94916666666666	35.0	19	90	62.685	63.0	30	101	80.35666666666667	81.0	8	56	39.223333333333336	42.0	12	77	52.72083333333333	55.0	36	151	108.235	114.0	25	110	65.88083333333333	64.0	7	44	21.446666666666665	19.5	25	115	59.7675	60.0	15	93	60.94416666666667	63.0	8	46	28.036666666666665	29.0	26	103	60.8025	60.0	20	88	62.435	65.0	18	127	91.86833333333334	94.0	3	34	16.156666666666666	15.0	31	86	65.25416666666666	66.0	9	61	37.001666666666665	36.0	30	122	85.35083333333333	85.5	5	62	33.55083333333334	32.0	11	89	53.5175	52.0	34	141	109.77416666666667	114.0	42	191	144.53666666666666	149.0	44	163	135.92916666666667	139.0	28	120	92.79666666666667	97.0	26	102	67.375	66.0	28	96	69.1875	73.0	18	89	64.59833333333333	66.0	20	100	76.66666666666667	79.0	40	111	84.27166666666666	85.0	16	91	65.14666666666666	67.0	53	210	166.15333333333334	169.0	39	153	117.27083333333333	119.0	60	168	115.09666666666666	115.0	16	85	48.53	47.0	1	18	9.830833333333333	9.0	26	130	81.0425	80.0	21	89	51.63166666666667	49.0	17	92	66.2925	66.5	13	67	48.66166666666667	50.0	28	169	124.43	129.0
chrX:70586134-70683905	TAF1	TAF1	exon_1	0	123	4.706477380818443	0.0	0	85	4.803469331396835	0.0	0	90	5.239058616563193	0.0	0	177	7.573800002045596	0.0	0	73	4.791574188665351	0.0	0	107	5.963046302073212	0.0	0	368	24.801341911200662	0.0	0	40	1.4298820713708564	0.0	0	22	0.7182395597876671	0.0	0	160	2.7878614313037606	0.0	0	54	1.2542676253694858	0.0	0	51	0.9207331417291426	0.0	0	149	2.46133311513639	0.0	0	74	2.982377187509589	0.0	0	216	5.055384520972477	0.0	0	13	0.3151854844483538	0.0	0	252	4.950240868969327	0.0	0	41	1.5155721021570814	0.0	0	62	3.0693150320647224	0.0	0	32	0.8203455012222438	0.0	0	82	2.4130468134722975	0.0	0	352	20.12448476542124	0.0	0	186	11.324656595514007	0.0	0	194	13.713258532693743	0.0	0	320	16.66206748422334	0.0	0	108	3.3719712389154246	0.0	0	88	6.07906229863661	0.0	0	114	5.472808910617668	0.0	0	215	16.135418477871763	0.0	0	137	8.854363768397581	0.0	0	241	19.57230671671559	0.0	0	650	39.30704401100531	0.0	0	294	21.26468993873439	0.0	0	59	2.1029548639167035	0.0	0	56	1.7398410571641898	0.0	0	12	0.2232972967444334	0.0	0	64	2.904818402184697	0.0	0	62	1.4042302932362356	0.0	0	131	6.837313722883064	0.0	0	156	3.9594562804921707	0.0	0	309	20.58801689662579	0.0
